variation,date
"0,00%","January 1, 2015"
"0,10%","January 2, 2015"
"-8,90%","January 3, 2015"
"-8,90%","January 4, 2015"
"4,70%","January 5, 2015"
"4,40%","January 6, 2015"
"3,70%","January 7, 2015"
"-3,90%","January 8, 2015"
"1,80%","January 9, 2015"
"-5,20%","January 10, 2015"
"-2,70%","January 11, 2015"
"0,40%","January 12, 2015"
"-17,50%","January 13, 2015"
"-22,30%","January 14, 2015"
"22,30%","January 15, 2015"
"-2,30%","January 16, 2015"
"-3,10%","January 17, 2015"
"4,80%","January 18, 2015"
"2,70%","January 19, 2015"
"-1,90%","January 20, 2015"
"6,40%","January 21, 2015"
"3,60%","January 22, 2015"
"0,40%","January 23, 2015"
"6,50%","January 24, 2015"
"2,30%","January 25, 2015"
"6,90%","January 26, 2015"
"-4,40%","January 27, 2015"
"-10,30%","January 29, 2015"
"-1,70%","January 30, 2015"
"-4,60%","January 31, 2015"
"3,80%","February 1, 2015"
"6,10%","February 2, 2015"
"-5,80%","February 3, 2015"
"-0,30%","February 4, 2015"
"-3,70%","February 5, 2015"
"2,60%","February 6, 2015"
"2,10%","February 7, 2015"
"-1,90%","February 8, 2015"
"-1,30%","February 9, 2015"
"0,20%","February 10, 2015"
"-0,70%","February 11, 2015"
"1,30%","February 12, 2015"
"6,10%","February 13, 2015"
"9,90%","February 14, 2015"
"-10,00%","February 15, 2015"
"1,30%","February 16, 2015"
"2,80%","February 17, 2015"
"-3,20%","February 18, 2015"
"2,40%","February 19, 2015"
"1,60%","February 20, 2015"
"0,00%","February 21, 2015"
"-3,50%","February 22, 2015"
"1,10%","February 23, 2015"
"0,30%","February 24, 2015"
"-0,60%","February 25, 2015"
"-0,50%","February 26, 2015"
"7,50%","February 27, 2015"
"-0,10%","February 28, 2015"
"1,60%","March 1, 2015"
"4,80%","March 2, 2015"
"3,90%","March 3, 2015"
"-2,70%","March 4, 2015"
"0,70%","March 5, 2015"
"-0,90%","March 6, 2015"
"1,20%","March 7, 2015"
"-0,40%","March 8, 2015"
"5,40%","March 9, 2015"
"0,30%","March 10, 2015"
"1,90%","March 11, 2015"
"-0,70%","March 12, 2015"
"-2,00%","March 13, 2015"
"-2,30%","March 14, 2015"
"1,30%","March 15, 2015"
"1,70%","March 16, 2015"
"-2,00%","March 17, 2015"
"-10,10%","March 18, 2015"
"1,70%","March 19, 2015"
"0,30%","March 20, 2015"
"-0,50%","March 21, 2015"
"3,20%","March 22, 2015"
"-0,70%","March 23, 2015"
"-7,80%","March 24, 2015"
"0,50%","March 25, 2015"
"0,50%","March 26, 2015"
"-0,20%","March 27, 2015"
"2,00%","March 28, 2015"
"-4,00%","March 29, 2015"
"1,90%","March 30, 2015"
"-1,30%","March 31, 2015"
"1,40%","April 1, 2015"
"2,30%","April 2, 2015"
"0,50%","April 3, 2015"
"-0,10%","April 4, 2015"
"2,50%","April 5, 2015"
"-1,70%","April 6, 2015"
"-0,90%","April 7, 2015"
"-3,50%","April 8, 2015"
"-0,40%","April 9, 2015"
"-3,60%","April 10, 2015"
"0,80%","April 11, 2015"
"-0,30%","April 12, 2015"
"-5,00%","April 13, 2015"
"-2,70%","April 14, 2015"
"2,30%","April 15, 2015"
"2,20%","April 16, 2015"
"-2,40%","April 17, 2015"
"0,20%","April 18, 2015"
"-0,10%","April 19, 2015"
"0,70%","April 20, 2015"
"4,60%","April 21, 2015"
"-0,40%","April 22, 2015"
"0,60%","April 23, 2015"
"-1,80%","April 24, 2015"
"-2,20%","April 25, 2015"
"-3,30%","April 26, 2015"
"4,60%","April 27, 2015"
"-1,30%","April 28, 2015"
"0,20%","April 29, 2015"
"4,50%","April 30, 2015"
"-1,50%","may 1, 2015"
"1,00%","may 2, 2015"
"2,00%","may 3, 2015"
"-0,40%","may 4, 2015"
"-1,20%","may 5, 2015"
"-2,60%","may 6, 2015"
"3,10%","may 7, 2015"
"2,90%","may 8, 2015"
"-0,90%","may 9, 2015"
"-0,80%","may 10, 2015"
"1,00%","may 11, 2015"
"-0,10%","may 12, 2015"
"-2,50%","may 13, 2015"
"0,50%","may 14, 2015"
"0,10%","may 15, 2015"
"-0,40%","may 16, 2015"
"0,00%","may 17, 2015"
"-1,50%","may 18, 2015"
"-0,20%","may 19, 2015"
"0,90%","may 20, 2015"
"0,60%","may 21, 2015"
"2,30%","may 22, 2015"
"-0,80%","may 23, 2015"
"0,90%","may 24, 2015"
"-1,60%","may 25, 2015"
"0,00%","may 26, 2015"
"-0,10%","may 27, 2015"
"0,10%","may 28, 2015"
"-0,20%","may 29, 2015"
"-1,50%","may 30, 2015"
"-1,60%","may 31, 2015"
"-2,80%","June 1, 2015"
"1,10%","June 2, 2015"
"-0,10%","June 3, 2015"
"-0,60%","June 4, 2015"
"0,30%","June 5, 2015"
"0,20%","June 6, 2015"
"-0,70%","June 7, 2015"
"2,30%","June 8, 2015"
"0,40%","June 9, 2015"
"-0,20%","June 10, 2015"
"0,40%","June 11, 2015"
"0,30%","June 12, 2015"
"0,90%","June 13, 2015"
"0,40%","June 14, 2015"
"1,50%","June 15, 2015"
"5,60%","June 16, 2015"
"-1,10%","June 17, 2015"
"0,30%","June 18, 2015"
"-2,20%","June 19, 2015"
"1,00%","June 20, 2015"
"-0,60%","June 21, 2015"
"1,30%","June 22, 2015"
"-1,40%","June 23, 2015"
"-1,40%","June 24, 2015"
"0,80%","June 25, 2015"
"0,00%","June 26, 2015"
"3,40%","June 27, 2015"
"-0,90%","June 28, 2015"
"3,20%","June 29, 2015"
"2,40%","June 30, 2015"
"-1,90%","July 1, 2015"
"-1,10%","July 2, 2015"
"0,20%","July 3, 2015"
"2,10%","July 4, 2015"
"4,10%","July 5, 2015"
"-0,90%","July 6, 2015"
"-1,20%","July 7, 2015"
"1,60%","July 8, 2015"
"-0,30%","July 9, 2015"
"6,00%","July 10, 2015"
"2,40%","July 11, 2015"
"6,30%","July 12, 2015"
"-6,30%","July 13, 2015"
"-1,40%","July 14, 2015"
"-0,90%","July 15, 2015"
"-2,60%","July 16, 2015"
"0,60%","July 17, 2015"
"-1,40%","July 18, 2015"
"-0,60%","July 19, 2015"
"1,60%","July 20, 2015"
"-0,80%","July 21, 2015"
"0,40%","July 22, 2015"
"-0,20%","July 23, 2015"
"4,70%","July 24, 2015"
"0,00%","July 25, 2015"
"1,20%","July 26, 2015"
"0,30%","July 27, 2015"
"0,50%","July 28, 2015"
"-1,80%","July 29, 2015"
"-0,70%","July 30, 2015"
"-1,10%","July 31, 2015"
"-1,00%","August 1, 2015"
"0,40%","August 2, 2015"
"0,00%","August 3, 2015"
"0,90%","August 4, 2015"
"-1,00%","August 5, 2015"
"-1,20%","August 6, 2015"
"0,20%","August 7, 2015"
"-6,70%","August 8, 2015"
"1,70%","August 9, 2015"
"-0,30%","August 10, 2015"
"2,40%","August 11, 2015"
"-0,80%","August 12, 2015"
"-1,50%","August 13, 2015"
"0,60%","August 14, 2015"
"-1,80%","August 15, 2015"
"-1,00%","August 16, 2015"
"-0,30%","August 17, 2015"
"-1,60%","August 18, 2015"
"-10,70%","August 19, 2015"
"3,80%","August 20, 2015"
"-1,00%","August 21, 2015"
"-1,40%","August 22, 2015"
"-0,80%","August 23, 2015"
"-7,50%","August 24, 2015"
"5,30%","August 25, 2015"
"1,80%","August 26, 2015"
"-1,00%","August 27, 2015"
"3,90%","August 28, 2015"
"-1,40%","August 29, 2015"
"-0,20%","August 30, 2015"
"0,90%","August 31, 2015"
"-1,30%","September 1, 2015"
"0,70%","September 2, 2015"
"-0,90%","September 3, 2015"
"1,50%","September 4, 2015"
"2,00%","September 5, 2015"
"1,90%","September 6, 2015"
"0,60%","September 7, 2015"
"1,30%","September 8, 2015"
"-2,30%","September 9, 2015"
"0,30%","September 10, 2015"
"0,50%","September 11, 2015"
"-2,10%","September 12, 2015"
"-1,90%","September 13, 2015"
"-0,10%","September 14, 2015"
"-0,10%","September 15, 2015"
"-0,60%","September 16, 2015"
"1,90%","September 17, 2015"
"-0,20%","September 18, 2015"
"-0,50%","September 19, 2015"
"-0,30%","September 20, 2015"
"-1,80%","September 21, 2015"
"1,50%","September 22, 2015"
"0,00%","September 23, 2015"
"1,80%","September 24, 2015"
"0,40%","September 25, 2015"
"-0,20%","September 26, 2015"
"-0,70%","September 27, 2015"
"2,80%","September 28, 2015"
"-0,90%","September 29, 2015"
"-0,50%","September 30, 2015"
"0,70%","October 1, 2015"
"-0,20%","October 2, 2015"
"0,70%","October 3, 2015"
"-0,10%","October 4, 2015"
"0,70%","October 5, 2015"
"2,50%","October 6, 2015"
"-1,30%","October 7, 2015"
"-0,10%","October 8, 2015"
"0,50%","October 9, 2015"
"0,50%","October 10, 2015"
"0,90%","October 11, 2015"
"-0,80%","October 12, 2015"
"1,60%","October 13, 2015"
"1,30%","October 14, 2015"
"0,80%","October 15, 2015"
"3,00%","October 16, 2015"
"3,00%","October 17, 2015"
"-3,00%","October 18, 2015"
"0,80%","October 19, 2015"
"2,30%","October 20, 2015"
"-1,20%","October 21, 2015"
"2,50%","October 22, 2015"
"1,40%","October 23, 2015"
"2,00%","October 24, 2015"
"0,60%","October 25, 2015"
"0,30%","October 26, 2015"
"3,30%","October 27, 2015"
"3,00%","October 28, 2015"
"3,40%","October 29, 2015"
"3,80%","October 30, 2015"
"-4,20%","October 31, 2015"
"4,10%","November 1, 2015"
"7,90%","November 2, 2015"
"13,50%","November 3, 2015"
"1,50%","November 4, 2015"
"-4,20%","November 5, 2015"
"-3,80%","November 6, 2015"
"3,80%","November 7, 2015"
"-4,00%","November 8, 2015"
"2,50%","November 9, 2015"
"-11,50%","November 10, 2015"
"-9,20%","November 11, 2015"
"10,40%","November 12, 2015"
"-0,20%","November 13, 2015"
"-1,70%","November 14, 2015"
"-3,30%","November 15, 2015"
"3,40%","November 16, 2015"
"1,10%","November 17, 2015"
"0,10%","November 18, 2015"
"-2,90%","November 19, 2015"
"-1,30%","November 20, 2015"
"1,20%","November 21, 2015"
"-0,50%","November 22, 2015"
"-0,20%","November 23, 2015"
"-0,90%","November 24, 2015"
"2,60%","November 25, 2015"
"8,60%","November 26, 2015"
"0,80%","November 27, 2015"
"-0,80%","November 28, 2015"
"4,30%","November 29, 2015"
"1,80%","November 30, 2015"
"-3,90%","December 1, 2015"
"-1,30%","December 2, 2015"
"0,60%","December 3, 2015"
"0,50%","December 4, 2015"
"7,70%","December 5, 2015"
"0,90%","December 6, 2015"
"0,10%","December 7, 2015"
"4,70%","December 8, 2015"
"1,10%","December 9, 2015"
"-0,10%","December 10, 2015"
"8,50%","December 11, 2015"
"-3,90%","December 12, 2015"
"0,20%","December 13, 2015"
"1,70%","December 14, 2015"
"4,90%","December 15, 2015"
"-2,40%","December 16, 2015"
"0,60%","December 17, 2015"
"1,60%","December 18, 2015"
"-0,40%","December 19, 2015"
"-4,50%","December 20, 2015"
"-0,80%","December 21, 2015"
"-0,40%","December 22, 2015"
"1,50%","December 23, 2015"
"2,70%","December 24, 2015"
"0,20%","December 25, 2015"
"-8,50%","December 26, 2015"
"1,60%","December 27, 2015"
"-0,80%","December 28, 2015"
"2,70%","December 29, 2015"
"-1,20%","December 30, 2015"
"1,00%","December 31, 2015"
"0,80%","January 1, 2016"
"0,00%","January 2, 2016"
"-1,00%","January 3, 2016"
"0,80%","January 4, 2016"
"-0,30%","January 5, 2016"
"-0,20%","January 6, 2016"
"5,80%","January 7, 2016"
"-0,40%","January 8, 2016"
"-1,30%","January 9, 2016"
"-0,30%","January 10, 2016"
"0,30%","January 11, 2016"
"-0,60%","January 12, 2016"
"-3,10%","January 13, 2016"
"-0,70%","January 14, 2016"
"-14,80%","January 15, 2016"
"5,20%","January 16, 2016"
"0,40%","January 17, 2016"
"-0,30%","January 18, 2016"
"-1,60%","January 19, 2016"
"10,50%","January 20, 2016"
"-2,60%","January 21, 2016"
"-7,50%","January 22, 2016"
"3,30%","January 23, 2016"
"3,40%","January 24, 2016"
"-2,70%","January 25, 2016"
"0,00%","January 26, 2016"
"0,50%","January 27, 2016"
"-3,80%","January 28, 2016"
"-0,20%","January 29, 2016"
"-0,50%","January 30, 2016"
"-3,30%","January 31, 2016"
"1,80%","February 1, 2016"
"0,50%","February 2, 2016"
"-1,30%","February 3, 2016"
"5,50%","February 4, 2016"
"-0,70%","February 5, 2016"
"-2,80%","February 6, 2016"
"0,20%","February 7, 2016"
"-1,20%","February 8, 2016"
"0,70%","February 9, 2016"
"1,60%","February 10, 2016"
"-0,70%","February 11, 2016"
"1,50%","February 12, 2016"
"2,00%","February 13, 2016"
"3,50%","February 14, 2016"
"-1,20%","February 15, 2016"
"1,90%","February 16, 2016"
"2,40%","February 17, 2016"
"1,10%","February 18, 2016"
"-0,50%","February 19, 2016"
"5,20%","February 20, 2016"
"-0,60%","February 21, 2016"
"-0,20%","February 22, 2016"
"-4,00%","February 23, 2016"
"0,70%","February 24, 2016"
"0,00%","February 25, 2016"
"0,90%","February 26, 2016"
"1,20%","February 27, 2016"
"0,20%","February 28, 2016"
"1,00%","February 29, 2016"
"-1,30%","March 1, 2016"
"-1,60%","March 2, 2016"
"-1,00%","March 3, 2016"
"-2,60%","March 4, 2016"
"-3,00%","March 5, 2016"
"1,90%","March 6, 2016"
"2,20%","March 7, 2016"
"-0,50%","March 8, 2016"
"0,10%","March 9, 2016"
"1,00%","March 10, 2016"
"0,70%","March 11, 2016"
"-2,00%","March 12, 2016"
"0,40%","March 13, 2016"
"0,50%","March 14, 2016"
"0,30%","March 15, 2016"
"0,20%","March 16, 2016"
"0,40%","March 17, 2016"
"-2,40%","March 18, 2016"
"-0,40%","March 19, 2016"
"1,30%","March 20, 2016"
"-0,20%","March 21, 2016"
"1,30%","March 22, 2016"
"0,40%","March 23, 2016"
"-0,80%","March 24, 2016"
"0,20%","March 25, 2016"
"0,20%","March 26, 2016"
"2,10%","March 27, 2016"
"-0,60%","March 28, 2016"
"-1,70%","March 29, 2016"
"-0,70%","March 30, 2016"
"0,70%","March 31, 2016"
"0,30%","April 1, 2016"
"0,70%","April 2, 2016"
"-0,40%","April 3, 2016"
"0,30%","April 4, 2016"
"0,80%","April 5, 2016"
"-0,20%","April 6, 2016"
"-0,10%","April 7, 2016"
"-0,60%","April 8, 2016"
"-0,60%","April 9, 2016"
"1,20%","April 10, 2016"
"0,30%","April 11, 2016"
"0,90%","April 12, 2016"
"-0,50%","April 13, 2016"
"0,20%","April 14, 2016"
"1,20%","April 15, 2016"
"0,20%","April 16, 2016"
"-0,70%","April 17, 2016"
"0,10%","April 18, 2016"
"1,80%","April 19, 2016"
"1,30%","April 20, 2016"
"2,10%","April 21, 2016"
"-0,80%","April 22, 2016"
"1,00%","April 23, 2016"
"1,80%","April 24, 2016"
"0,10%","April 25, 2016"
"1,60%","April 26, 2016"
"-4,90%","April 27, 2016"
"1,00%","April 28, 2016"
"1,60%","April 29, 2016"
"-1,90%","April 30, 2016"
"1,00%","may 1, 2016"
"-1,80%","may 2, 2016"
"1,30%","may 3, 2016"
"-0,70%","may 4, 2016"
"0,40%","may 5, 2016"
"2,80%","may 6, 2016"
"-0,50%","may 7, 2016"
"0,00%","may 8, 2016"
"0,50%","may 9, 2016"
"-2,50%","may 10, 2016"
"0,40%","may 11, 2016"
"0,60%","may 12, 2016"
"0,30%","may 13, 2016"
"-0,10%","may 14, 2016"
"0,50%","may 15, 2016"
"-0,60%","may 16, 2016"
"-0,50%","may 17, 2016"
"0,20%","may 18, 2016"
"-2,80%","may 19, 2016"
"0,30%","may 20, 2016"
"0,30%","may 21, 2016"
"-1,00%","may 22, 2016"
"1,00%","may 23, 2016"
"0,60%","may 24, 2016"
"0,70%","may 25, 2016"
"1,00%","may 26, 2016"
"4,40%","may 27, 2016"
"11,50%","may 28, 2016"
"-0,70%","may 29, 2016"
"1,80%","may 30, 2016"
"-0,50%","may 31, 2016"
"1,50%","June 1, 2016"
"-0,10%","June 2, 2016"
"5,90%","June 3, 2016"
"0,50%","June 4, 2016"
"0,20%","June 5, 2016"
"1,90%","June 6, 2016"
"-1,30%","June 7, 2016"
"0,90%","June 8, 2016"
"-0,90%","June 9, 2016"
"0,30%","June 10, 2016"
"3,20%","June 11, 2016"
"12,40%","June 12, 2016"
"4,90%","June 13, 2016"
"-2,60%","June 14, 2016"
"1,10%","June 15, 2016"
"10,40%","June 16, 2016"
"-2,10%","June 17, 2016"
"1,00%","June 18, 2016"
"1,00%","June 19, 2016"
"-3,90%","June 20, 2016"
"-9,40%","June 21, 2016"
"-11,00%","June 22, 2016"
"5,30%","June 23, 2016"
"6,10%","June 24, 2016"
"0,70%","June 25, 2016"
"-5,50%","June 26, 2016"
"3,00%","June 27, 2016"
"-0,20%","June 28, 2016"
"-1,50%","June 29, 2016"
"5,40%","June 30, 2016"
"0,90%","July 1, 2016"
"2,30%","July 2, 2016"
"-4,10%","July 3, 2016"
"2,10%","July 4, 2016"
"-1,60%","July 5, 2016"
"1,30%","July 6, 2016"
"-5,50%","July 7, 2016"
"4,20%","July 8, 2016"
"-1,80%","July 9, 2016"
"-0,50%","July 10, 2016"
"-0,20%","July 11, 2016"
"3,40%","July 12, 2016"
"-1,90%","July 13, 2016"
"0,20%","July 14, 2016"
"0,90%","July 15, 2016"
"-0,30%","July 16, 2016"
"2,20%","July 17, 2016"
"-0,50%","July 18, 2016"
"0,00%","July 19, 2016"
"-0,50%","July 20, 2016"
"-0,80%","July 21, 2016"
"-2,10%","July 22, 2016"
"0,70%","July 23, 2016"
"0,80%","July 24, 2016"
"-1,00%","July 25, 2016"
"-0,50%","July 26, 2016"
"0,70%","July 27, 2016"
"0,00%","July 28, 2016"
"0,20%","July 29, 2016"
"-0,40%","July 30, 2016"
"-4,70%","July 31, 2016"
"-2,90%","August 1, 2016"
"-14,60%","August 2, 2016"
"9,70%","August 3, 2016"
"1,60%","August 4, 2016"
"-0,10%","August 5, 2016"
"2,00%","August 6, 2016"
"0,90%","August 7, 2016"
"-0,30%","August 8, 2016"
"-0,90%","August 9, 2016"
"1,20%","August 10, 2016"
"-0,80%","August 11, 2016"
"-0,20%","August 12, 2016"
"-0,40%","August 13, 2016"
"-2,30%","August 14, 2016"
"-0,50%","August 15, 2016"
"1,80%","August 16, 2016"
"-1,20%","August 17, 2016"
"0,10%","August 18, 2016"
"0,20%","August 19, 2016"
"1,50%","August 20, 2016"
"-0,20%","August 21, 2016"
"0,80%","August 22, 2016"
"-0,50%","August 23, 2016"
"-0,70%","August 24, 2016"
"-0,30%","August 25, 2016"
"0,30%","August 26, 2016"
"-1,60%","August 27, 2016"
"0,90%","August 28, 2016"
"-0,20%","August 29, 2016"
"0,60%","August 30, 2016"
"-0,80%","August 31, 2016"
"0,00%","September 1, 2016"
"0,40%","September 2, 2016"
"3,90%","September 3, 2016"
"2,10%","September 4, 2016"
"-0,30%","September 5, 2016"
"0,70%","September 6, 2016"
"0,60%","September 7, 2016"
"1,80%","September 8, 2016"
"-0,60%","September 9, 2016"
"0,20%","September 10, 2016"
"-2,80%","September 11, 2016"
"0,10%","September 12, 2016"
"0,10%","September 13, 2016"
"0,30%","September 14, 2016"
"-0,50%","September 15, 2016"
"0,20%","September 16, 2016"
"-0,20%","September 17, 2016"
"0,60%","September 18, 2016"
"0,00%","September 19, 2016"
"-0,10%","September 20, 2016"
"-2,00%","September 21, 2016"
"-0,10%","September 22, 2016"
"1,20%","September 23, 2016"
"-0,10%","September 24, 2016"
"-0,30%","September 25, 2016"
"1,10%","September 26, 2016"
"-0,30%","September 27, 2016"
"-0,10%","September 28, 2016"
"0,20%","September 29, 2016"
"0,60%","September 30, 2016"
"1,00%","October 1, 2016"
"-0,60%","October 2, 2016"
"0,30%","October 3, 2016"
"-0,40%","October 4, 2016"
"0,40%","October 5, 2016"
"-0,10%","October 6, 2016"
"0,90%","October 7, 2016"
"0,10%","October 8, 2016"
"-0,30%","October 9, 2016"
"-0,10%","October 10, 2016"
"4,30%","October 11, 2016"
"-0,80%","October 12, 2016"
"-0,20%","October 13, 2016"
"0,60%","October 14, 2016"
"-0,20%","October 15, 2016"
"0,50%","October 16, 2016"
"-0,40%","October 17, 2016"
"-0,30%","October 18, 2016"
"-1,10%","October 19, 2016"
"0,00%","October 20, 2016"
"0,20%","October 21, 2016"
"3,60%","October 22, 2016"
"-0,40%","October 23, 2016"
"-0,10%","October 24, 2016"
"0,60%","October 25, 2016"
"3,20%","October 26, 2016"
"1,50%","October 27, 2016"
"0,60%","October 28, 2016"
"4,10%","October 29, 2016"
"-2,50%","October 30, 2016"
"0,20%","October 31, 2016"
"4,40%","November 1, 2016"
"0,70%","November 2, 2016"
"-6,60%","November 3, 2016"
"2,30%","November 4, 2016"
"0,30%","November 5, 2016"
"1,20%","November 6, 2016"
"-0,80%","November 7, 2016"
"0,40%","November 8, 2016"
"1,70%","November 9, 2016"
"-1,10%","November 10, 2016"
"0,30%","November 11, 2016"
"-1,70%","November 12, 2016"
"-0,20%","November 13, 2016"
"0,50%","November 14, 2016"
"0,90%","November 15, 2016"
"4,00%","November 16, 2016"
"-0,30%","November 17, 2016"
"1,30%","November 18, 2016"
"0,30%","November 19, 2016"
"-2,90%","November 20, 2016"
"1,10%","November 21, 2016"
"1,60%","November 22, 2016"
"-0,90%","November 23, 2016"
"-0,60%","November 24, 2016"
"0,20%","November 25, 2016"
"-0,70%","November 26, 2016"
"-0,70%","November 27, 2016"
"0,60%","November 28, 2016"
"0,00%","November 29, 2016"
"1,40%","November 30, 2016"
"1,40%","December 1, 2016"
"2,40%","December 2, 2016"
"-0,80%","December 3, 2016"
"0,20%","December 4, 2016"
"-1,80%","December 5, 2016"
"0,90%","December 6, 2016"
"0,70%","December 7, 2016"
"0,60%","December 8, 2016"
"0,20%","December 9, 2016"
"0,40%","December 10, 2016"
"-0,60%","December 11, 2016"
"1,30%","December 12, 2016"
"0,00%","December 13, 2016"
"-0,30%","December 14, 2016"
"0,00%","December 15, 2016"
"0,70%","December 16, 2016"
"1,00%","December 17, 2016"
"-0,10%","December 18, 2016"
"0,20%","December 19, 2016"
"1,20%","December 20, 2016"
"3,40%","December 21, 2016"
"4,00%","December 22, 2016"
"6,70%","December 23, 2016"
"-2,80%","December 24, 2016"
"0,30%","December 25, 2016"
"0,90%","December 26, 2016"
"2,90%","December 27, 2016"
"5,20%","December 28, 2016"
"-0,60%","December 29, 2016"
"-1,10%","December 30, 2016"
"0,60%","December 31, 2016"
"3,30%","January 1, 2017"
"2,10%","January 2, 2017"
"1,60%","January 3, 2017"
"9,20%","January 4, 2017"
"-12,40%","January 5, 2017"
"-9,80%","January 6, 2017"
"0,70%","January 7, 2017"
"0,90%","January 8, 2017"
"-0,70%","January 9, 2017"
"0,40%","January 10, 2017"
"-13,40%","January 11, 2017"
"1,90%","January 12, 2017"
"3,10%","January 13, 2017"
"-0,80%","January 14, 2017"
"0,50%","January 15, 2017"
"0,80%","January 16, 2017"
"9,20%","January 17, 2017"
"-3,30%","January 18, 2017"
"2,60%","January 19, 2017"
"-0,60%","January 20, 2017"
"3,20%","January 21, 2017"
"-0,10%","January 22, 2017"
"0,00%","January 23, 2017"
"-3,60%","January 24, 2017"
"0,90%","January 25, 2017"
"2,40%","January 26, 2017"
"0,30%","January 27, 2017"
"0,20%","January 28, 2017"
"-0,70%","January 29, 2017"
"0,70%","January 30, 2017"
"5,10%","January 31, 2017"
"1,90%","February 1, 2017"
"2,20%","February 2, 2017"
"0,70%","February 3, 2017"
"1,80%","February 4, 2017"
"-1,60%","February 5, 2017"
"0,70%","February 6, 2017"
"2,60%","February 7, 2017"
"0,40%","February 8, 2017"
"-7,00%","February 9, 2017"
"1,10%","February 10, 2017"
"1,90%","February 11, 2017"
"-1,00%","February 12, 2017"
"-0,40%","February 13, 2017"
"1,40%","February 14, 2017"
"-0,10%","February 15, 2017"
"2,60%","February 16, 2017"
"2,10%","February 17, 2017"
"0,20%","February 18, 2017"
"-0,50%","February 19, 2017"
"2,70%","February 20, 2017"
"4,00%","February 21, 2017"
"-0,20%","February 22, 2017"
"5,60%","February 23, 2017"
"-0,40%","February 24, 2017"
"-2,70%","February 25, 2017"
"2,70%","February 26, 2017"
"1,10%","February 27, 2017"
"-0,20%","February 28, 2017"
"3,10%","March 1, 2017"
"2,80%","March 2, 2017"
"2,20%","March 3, 2017"
"-1,60%","March 4, 2017"
"0,60%","March 5, 2017"
"0,40%","March 6, 2017"
"-3,70%","March 7, 2017"
"-6,80%","March 8, 2017"
"3,60%","March 9, 2017"
"-7,70%","March 10, 2017"
"7,40%","March 11, 2017"
"4,20%","March 12, 2017"
"1,00%","March 13, 2017"
"0,30%","March 14, 2017"
"1,00%","March 15, 2017"
"-3,30%","March 16, 2017"
"-11,80%","March 17, 2017"
"-10,40%","March 18, 2017"
"6,40%","March 19, 2017"
"1,30%","March 20, 2017"
"7,40%","March 21, 2017"
"-6,50%","March 22, 2017"
"-1,00%","March 23, 2017"
"-8,70%","March 24, 2017"
"2,70%","March 25, 2017"
"-1,10%","March 26, 2017"
"9,20%","March 27, 2017"
"0,20%","March 28, 2017"
"-0,60%","March 29, 2017"
"-0,70%","March 30, 2017"
"4,50%","March 31, 2017"
"0,60%","April 1, 2017"
"1,20%","April 2, 2017"
"3,80%","April 3, 2017"
"0,10%","April 4, 2017"
"-0,70%","April 5, 2017"
"5,50%","April 6, 2017"
"-0,40%","April 7, 2017"
"-0,60%","April 8, 2017"
"0,50%","April 9, 2017"
"1,90%","April 10, 2017"
"1,30%","April 11, 2017"
"-0,70%","April 12, 2017"
"-3,60%","April 13, 2017"
"0,80%","April 14, 2017"
"-0,30%","April 15, 2017"
"0,50%","April 16, 2017"
"1,60%","April 17, 2017"
"1,00%","April 18, 2017"
"0,70%","April 19, 2017"
"2,30%","April 20, 2017"
"0,10%","April 21, 2017"
"-0,40%","April 22, 2017"
"-0,10%","April 23, 2017"
"0,20%","April 24, 2017"
"1,00%","April 25, 2017"
"1,90%","April 26, 2017"
"3,40%","April 27, 2017"
"-0,80%","April 28, 2017"
"0,50%","April 29, 2017"
"1,70%","April 30, 2017"
"4,30%","may 1, 2017"
"2,40%","may 2, 2017"
"3,00%","may 3, 2017"
"0,90%","may 4, 2017"
"0,40%","may 5, 2017"
"2,80%","may 6, 2017"
"0,70%","may 7, 2017"
"4,80%","may 8, 2017"
"4,10%","may 9, 2017"
"2,80%","may 10, 2017"
"3,50%","may 11, 2017"
"-6,00%","may 12, 2017"
"3,00%","may 13, 2017"
"0,90%","may 14, 2017"
"-4,00%","may 15, 2017"
"1,20%","may 16, 2017"
"5,10%","may 17, 2017"
"4,70%","may 18, 2017"
"4,40%","may 19, 2017"
"3,60%","may 20, 2017"
"0,50%","may 21, 2017"
"2,70%","may 22, 2017"
"8,70%","may 23, 2017"
"6,80%","may 24, 2017"
"-3,30%","may 25, 2017"
"-4,40%","may 26, 2017"
"-7,90%","may 27, 2017"
"6,60%","may 28, 2017"
"3,00%","may 29, 2017"
"-5,20%","may 30, 2017"
"7,40%","may 31, 2017"
"4,60%","June 1, 2017"
"3,20%","June 2, 2017"
"1,90%","June 3, 2017"
"-0,20%","June 4, 2017"
"6,50%","June 5, 2017"
"6,70%","June 6, 2017"
"-6,50%","June 7, 2017"
"4,00%","June 8, 2017"
"-0,30%","June 9, 2017"
"4,30%","June 10, 2017"
"2,60%","June 11, 2017"
"-10,40%","June 12, 2017"
"1,30%","June 13, 2017"
"-8,50%","June 14, 2017"
"-2,40%","June 15, 2017"
"2,80%","June 16, 2017"
"6,80%","June 17, 2017"
"-4,00%","June 18, 2017"
"1,70%","June 19, 2017"
"6,00%","June 20, 2017"
"-2,20%","June 21, 2017"
"0,30%","June 22, 2017"
"0,50%","June 23, 2017"
"-4,40%","June 24, 2017"
"-0,40%","June 25, 2017"
"-4,60%","June 26, 2017"
"1,70%","June 27, 2017"
"1,70%","June 28, 2017"
"-0,50%","June 29, 2017"
"-2,80%","June 30, 2017"
"-2,00%","July 1, 2017"
"3,20%","July 2, 2017"
"2,30%","July 3, 2017"
"1,30%","July 4, 2017"
"-0,10%","July 5, 2017"
"0,20%","July 6, 2017"
"-4,00%","July 7, 2017"
"2,20%","July 8, 2017"
"-1,70%","July 9, 2017"
"-6,20%","July 10, 2017"
"-0,40%","July 11, 2017"
"1,40%","July 12, 2017"
"-1,00%","July 13, 2017"
"-5,70%","July 14, 2017"
"-8,80%","July 15, 2017"
"-5,20%","July 16, 2017"
"13,20%","July 17, 2017"
"5,60%","July 18, 2017"
"-1,30%","July 19, 2017"
"21,60%","July 20, 2017"
"-3,90%","July 21, 2017"
"5,40%","July 22, 2017"
"-2,50%","July 23, 2017"
"0,70%","July 24, 2017"
"-6,80%","July 25, 2017"
"-2,20%","July 26, 2017"
"5,70%","July 27, 2017"
"5,60%","July 28, 2017"
"-2,80%","July 29, 2017"
"0,70%","July 30, 2017"
"4,80%","July 31, 2017"
"-4,70%","August 1, 2017"
"-1,50%","August 2, 2017"
"2,90%","August 3, 2017"
"2,50%","August 4, 2017"
"13,70%","August 5, 2017"
"-1,50%","August 6, 2017"
"5,20%","August 7, 2017"
"1,60%","August 8, 2017"
"-2,30%","August 9, 2017"
"1,10%","August 10, 2017"
"5,80%","August 11, 2017"
"6,70%","August 12, 2017"
"5,90%","August 13, 2017"
"3,80%","August 14, 2017"
"-0,60%","August 15, 2017"
"2,70%","August 16, 2017"
"0,60%","August 17, 2017"
"-4,40%","August 18, 2017"
"0,40%","August 19, 2017"
"-2,80%","August 20, 2017"
"-1,60%","August 21, 2017"
"1,90%","August 22, 2017"
"1,50%","August 23, 2017"
"2,40%","August 24, 2017"
"0,80%","August 25, 2017"
"-1,80%","August 26, 2017"
"-0,20%","August 27, 2017"
"2,40%","August 28, 2017"
"4,20%","August 29, 2017"
"3,60%","August 30, 2017"
"3,30%","August 31, 2017"
"3,40%","September 1, 2017"
"-6,30%","September 2, 2017"
"1,70%","September 3, 2017"
"-6,80%","September 4, 2017"
"3,00%","September 5, 2017"
"3,20%","September 6, 2017"
"-0,20%","September 7, 2017"
"-6,50%","September 8, 2017"
"-0,90%","September 9, 2017"
"-2,70%","September 10, 2017"
"0,80%","September 11, 2017"
"-0,80%","September 12, 2017"
"-6,00%","September 13, 2017"
"-20,20%","September 14, 2017"
"15,70%","September 15, 2017"
"0,50%","September 16, 2017"
"-1,50%","September 17, 2017"
"12,90%","September 18, 2017"
"-2,80%","September 19, 2017"
"-1,00%","September 20, 2017"
"-6,00%","September 21, 2017"
"-0,20%","September 22, 2017"
"3,90%","September 23, 2017"
"-2,40%","September 24, 2017"
"5,30%","September 25, 2017"
"-0,40%","September 26, 2017"
"7,30%","September 27, 2017"
"0,00%","September 28, 2017"
"-0,10%","September 29, 2017"
"4,10%","September 30, 2017"
"1,20%","October 1, 2017"
"0,80%","October 2, 2017"
"-1,50%","October 3, 2017"
"-2,00%","October 4, 2017"
"1,40%","October 5, 2017"
"1,30%","October 6, 2017"
"1,30%","October 7, 2017"
"3,60%","October 8, 2017"
"4,30%","October 9, 2017"
"0,20%","October 10, 2017"
"0,80%","October 11, 2017"
"10,90%","October 12, 2017"
"5,20%","October 13, 2017"
"1,20%","October 14, 2017"
"0,10%","October 15, 2017"
"0,80%","October 16, 2017"
"-1,50%","October 17, 2017"
"-0,90%","October 18, 2017"
"1,90%","October 19, 2017"
"4,50%","October 20, 2017"
"1,50%","October 21, 2017"
"-0,70%","October 22, 2017"
"-0,70%","October 23, 2017"
"-6,90%","October 24, 2017"
"2,80%","October 25, 2017"
"3,10%","October 26, 2017"
"-1,80%","October 27, 2017"
"-0,70%","October 28, 2017"
"6,80%","October 29, 2017"
"-0,30%","October 30, 2017"
"4,30%","October 31, 2017"
"5,40%","November 1, 2017"
"5,10%","November 2, 2017"
"2,50%","November 3, 2017"
"2,20%","November 4, 2017"
"0,30%","November 5, 2017"
"-4,20%","November 6, 2017"
"0,90%","November 7, 2017"
"4,10%","November 8, 2017"
"-3,70%","November 9, 2017"
"-7,40%","November 10, 2017"
"-4,40%","November 11, 2017"
"-7,80%","November 12, 2017"
"9,50%","November 13, 2017"
"3,60%","November 14, 2017"
"9,70%","November 15, 2017"
"7,10%","November 16, 2017"
"-0,40%","November 17, 2017"
"0,60%","November 18, 2017"
"2,30%","November 19, 2017"
"2,60%","November 20, 2017"
"-1,30%","November 21, 2017"
"1,80%","November 22, 2017"
"-1,70%","November 23, 2017"
"2,00%","November 24, 2017"
"5,60%","November 25, 2017"
"6,90%","November 26, 2017"
"5,20%","November 27, 2017"
"4,30%","November 28, 2017"
"-3,70%","November 29, 2017"
"5,40%","November 30, 2017"
"5,70%","December 1, 2017"
"1,50%","December 2, 2017"
"0,80%","December 3, 2017"
"3,40%","December 4, 2017"
"4,60%","December 5, 2017"
"14,00%","December 6, 2017"
"33,30%","December 7, 2017"
"-8,60%","December 8, 2017"
"-9,70%","December 9, 2017"
"3,60%","December 10, 2017"
"8,20%","December 11, 2017"
"0,80%","December 12, 2017"
"-4,20%","December 13, 2017"
"2,10%","December 14, 2017"
"6,60%","December 15, 2017"
"9,40%","December 16, 2017"
"-1,20%","December 17, 2017"
"-1,20%","December 18, 2017"
"-5,30%","December 19, 2017"
"-6,10%","December 20, 2017"
"-4,10%","December 21, 2017"
"-13,90%","December 22, 2017"
"8,20%","December 23, 2017"
"-5,20%","December 24, 2017"
"-1,00%","December 25, 2017"
"16,20%","December 26, 2017"
"-1,50%","December 27, 2017"
"-8,00%","December 28, 2017"
"0,20%","December 29, 2017"
"-9,80%","December 30, 2017"
"9,00%","December 31, 2017"
"-5,00%","January 1, 2018"
"8,70%","January 2, 2018"
"1,70%","January 3, 2018"
"2,50%","January 4, 2018"
"14,80%","January 5, 2018"
"0,00%","January 6, 2018"
"-7,10%","January 7, 2018"
"-6,70%","January 8, 2018"
"-1,90%","January 9, 2018"
"-0,60%","January 10, 2018"
"-9,40%","January 11, 2018"
"5,00%","January 12, 2018"
"2,90%","January 13, 2018"
"-4,70%","January 14, 2018"
"-0,40%","January 15, 2018"
"-18,70%","January 16, 2018"
"-2,60%","January 17, 2018"
"1,30%","January 18, 2018"
"1,60%","January 19, 2018"
"12,80%","January 20, 2018"
"-11,70%","January 21, 2018"
"-6,10%","January 22, 2018"
"-0,90%","January 23, 2018"
"3,50%","January 24, 2018"
"-0,50%","January 25, 2018"
"-1,60%","January 26, 2018"
"3,70%","January 27, 2018"
"1,80%","January 28, 2018"
"-4,40%","January 29, 2018"
"-0,60%","January 30, 2018"
"-10,00%","January 31, 2018"
"1,20%","February 1, 2018"
"-10,30%","February 2, 2018"
"-2,70%","February 3, 2018"
"1,90%","February 4, 2018"
"-7,60%","February 5, 2018"
"-17,60%","February 6, 2018"
"12,50%","February 7, 2018"
"-1,30%","February 8, 2018"
"7,80%","February 9, 2018"
"5,40%","February 10, 2018"
"-0,90%","February 11, 2018"
"-4,70%","February 12, 2018"
"9,10%","February 13, 2018"
"-4,40%","February 14, 2018"
"10,70%","February 15, 2018"
"7,30%","February 16, 2018"
"0,40%","February 17, 2018"
"8,40%","February 18, 2018"
"-4,40%","February 19, 2018"
"5,50%","February 20, 2018"
"3,60%","February 21, 2018"
"-13,30%","February 22, 2018"
"0,60%","February 23, 2018"
"2,70%","February 24, 2018"
"-5,40%","February 25, 2018"
"-0,40%","February 26, 2018"
"6,80%","February 27, 2018"
"3,40%","February 28, 2018"
"-3,40%","March 1, 2018"
"5,00%","March 2, 2018"
"2,20%","March 3, 2018"
"2,30%","March 4, 2018"
"-0,60%","March 5, 2018"
"2,10%","March 6, 2018"
"-6,90%","March 7, 2018"
"-6,80%","March 8, 2018"
"-5,80%","March 9, 2018"
"-1,50%","March 10, 2018"
"-4,20%","March 11, 2018"
"7,00%","March 12, 2018"
"-2,90%","March 13, 2018"
"-0,20%","March 14, 2018"
"-9,90%","March 15, 2018"
"0,60%","March 16, 2018"
"1,90%","March 17, 2018"
"-5,40%","March 18, 2018"
"1,90%","March 19, 2018"
"5,10%","March 20, 2018"
"3,30%","March 21, 2018"
"0,50%","March 22, 2018"
"-2,60%","March 23, 2018"
"1,00%","March 24, 2018"
"-2,30%","March 25, 2018"
"-1,70%","March 26, 2018"
"-3,40%","March 27, 2018"
"-4,30%","March 28, 2018"
"1,20%","March 29, 2018"
"-10,10%","March 30, 2018"
"-3,20%","March 31, 2018"
"1,10%","April 1, 2018"
"-2,00%","April 2, 2018"
"3,60%","April 3, 2018"
"5,40%","April 4, 2018"
"-8,30%","April 5, 2018"
"0,10%","April 6, 2018"
"-3,30%","April 7, 2018"
"3,90%","April 8, 2018"
"1,50%","April 9, 2018"
"-3,00%","April 10, 2018"
"0,70%","April 11, 2018"
"1,40%","April 12, 2018"
"13,20%","April 13, 2018"
"0,10%","April 14, 2018"
"0,70%","April 15, 2018"
"4,60%","April 16, 2018"
"-2,70%","April 17, 2018"
"-2,00%","April 18, 2018"
"2,80%","April 19, 2018"
"2,20%","April 20, 2018"
"2,70%","April 21, 2018"
"4,50%","April 22, 2018"
"-1,20%","April 23, 2018"
"1,30%","April 24, 2018"
"9,40%","April 25, 2018"
"-9,20%","April 26, 2018"
"4,50%","April 27, 2018"
"-3,10%","April 28, 2018"
"3,50%","April 29, 2018"
"0,80%","April 30, 2018"
"-1,40%","may 1, 2018"
"-1,90%","may 2, 2018"
"1,10%","may 3, 2018"
"4,70%","may 4, 2018"
"0,90%","may 5, 2018"
"1,40%","may 6, 2018"
"-1,90%","may 7, 2018"
"-2,90%","may 8, 2018"
"-1,70%","may 9, 2018"
"1,10%","may 10, 2018"
"-3,00%","may 11, 2018"
"-6,30%","may 12, 2018"
"0,90%","may 13, 2018"
"2,40%","may 14, 2018"
"0,10%","may 15, 2018"
"-2,60%","may 16, 2018"
"-1,50%","may 17, 2018"
"-3,40%","may 18, 2018"
"1,80%","may 19, 2018"
"-0,30%","may 20, 2018"
"3,20%","may 21, 2018"
"-1,00%","may 22, 2018"
"-4,10%","may 23, 2018"
"-5,70%","may 24, 2018"
"0,10%","may 25, 2018"
"-1,20%","may 26, 2018"
"-1,90%","may 27, 2018"
"0,00%","may 28, 2018"
"-2,90%","may 29, 2018"
"4,80%","may 30, 2018"
"-0,90%","may 31, 2018"
"1,10%","June 1, 2018"
"0,40%","June 2, 2018"
"1,10%","June 3, 2018"
"1,00%","June 4, 2018"
"-2,30%","June 5, 2018"
"1,40%","June 6, 2018"
"0,50%","June 7, 2018"
"0,10%","June 8, 2018"
"-0,70%","June 9, 2018"
"-1,90%","June 10, 2018"
"-8,70%","June 11, 2018"
"1,70%","June 12, 2018"
"-4,30%","June 13, 2018"
"-3,80%","June 14, 2018"
"4,90%","June 15, 2018"
"-3,60%","June 16, 2018"
"1,10%","June 17, 2018"
"-0,90%","June 18, 2018"
"4,00%","June 19, 2018"
"0,50%","June 20, 2018"
"0,10%","June 21, 2018"
"-0,40%","June 22, 2018"
"-9,00%","June 23, 2018"
"1,30%","June 24, 2018"
"-0,20%","June 25, 2018"
"1,30%","June 26, 2018"
"-2,80%","June 27, 2018"
"0,80%","June 28, 2018"
"-3,90%","June 29, 2018"
"5,10%","June 30, 2018"
"3,00%","July 1, 2018"
"-0,80%","July 2, 2018"
"4,50%","July 3, 2018"
"-1,50%","July 4, 2018"
"1,00%","July 5, 2018"
"-0,40%","July 6, 2018"
"1,00%","July 7, 2018"
"2,40%","July 8, 2018"
"-0,90%","July 9, 2018"
"-0,80%","July 10, 2018"
"-5,20%","July 11, 2018"
"1,10%","July 12, 2018"
"-2,20%","July 13, 2018"
"0,30%","July 14, 2018"
"0,00%","July 15, 2018"
"1,70%","July 16, 2018"
"6,20%","July 17, 2018"
"8,30%","July 18, 2018"
"0,40%","July 19, 2018"
"1,50%","July 20, 2018"
"-1,50%","July 21, 2018"
"0,60%","July 22, 2018"
"0,20%","July 23, 2018"
"4,20%","July 24, 2018"
"9,30%","July 25, 2018"
"-3,30%","July 26, 2018"
"-2,60%","July 27, 2018"
"2,70%","July 28, 2018"
"0,60%","July 29, 2018"
"0,10%","July 30, 2018"
"-0,10%","July 31, 2018"
"-5,50%","August 1, 2018"
"-1,60%","August 2, 2018"
"-0,90%","August 3, 2018"
"-1,70%","August 4, 2018"
"-5,40%","August 5, 2018"
"0,40%","August 6, 2018"
"-1,60%","August 7, 2018"
"-3,10%","August 8, 2018"
"-6,70%","August 9, 2018"
"4,30%","August 10, 2018"
"-5,60%","August 11, 2018"
"0,60%","August 12, 2018"
"1,80%","August 13, 2018"
"-0,50%","August 14, 2018"
"-1,10%","August 15, 2018"
"0,90%","August 16, 2018"
"0,70%","August 17, 2018"
"4,10%","August 18, 2018"
"-2,80%","August 19, 2018"
"1,50%","August 20, 2018"
"-3,60%","August 21, 2018"
"3,60%","August 22, 2018"
"-2,00%","August 23, 2018"
"2,90%","August 24, 2018"
"2,50%","August 25, 2018"
"0,80%","August 26, 2018"
"-0,10%","August 27, 2018"
"2,70%","August 28, 2018"
"2,40%","August 29, 2018"
"-0,40%","August 30, 2018"
"-0,30%","August 31, 2018"
"0,00%","September 1, 2018"
"2,60%","September 2, 2018"
"1,30%","September 3, 2018"
"-0,60%","September 4, 2018"
"1,40%","September 5, 2018"
"-8,10%","September 6, 2018"
"-3,90%","September 7, 2018"
"-1,50%","September 8, 2018"
"-3,40%","September 9, 2018"
"1,30%","September 10, 2018"
"0,80%","September 11, 2018"
"-0,50%","September 12, 2018"
"0,80%","September 13, 2018"
"2,50%","September 14, 2018"
"0,20%","September 15, 2018"
"0,50%","September 16, 2018"
"-0,40%","September 17, 2018"
"-3,90%","September 18, 2018"
"1,60%","September 19, 2018"
"0,60%","September 20, 2018"
"1,70%","September 21, 2018"
"4,00%","September 22, 2018"
"-0,10%","September 23, 2018"
"-0,50%","September 24, 2018"
"-1,70%","September 25, 2018"
"-2,30%","September 26, 2018"
"0,30%","September 27, 2018"
"3,70%","September 28, 2018"
"-1,00%","September 29, 2018"
"-0,40%","September 30, 2018"
"0,30%","October 1, 2018"
"-0,40%","October 2, 2018"
"-1,10%","October 3, 2018"
"-0,40%","October 4, 2018"
"1,20%","October 5, 2018"
"0,60%","October 6, 2018"
"-0,50%","October 7, 2018"
"-0,10%","October 8, 2018"
"1,00%","October 9, 2018"
"-0,30%","October 10, 2018"
"-0,80%","October 11, 2018"
"-5,30%","October 12, 2018"
"0,80%","October 13, 2018"
"0,50%","October 14, 2018"
"0,20%","October 15, 2018"
"5,20%","October 16, 2018"
"-0,40%","October 17, 2018"
"0,00%","October 18, 2018"
"-1,80%","October 19, 2018"
"-0,50%","October 20, 2018"
"0,80%","October 21, 2018"
"0,00%","October 22, 2018"
"-0,30%","October 23, 2018"
"-0,60%","October 24, 2018"
"0,10%","October 25, 2018"
"-0,40%","October 26, 2018"
"0,20%","October 27, 2018"
"-0,20%","October 28, 2018"
"0,40%","October 29, 2018"
"-2,90%","October 30, 2018"
"0,60%","October 31, 2018"
"0,60%","November 1, 2018"
"0,20%","November 2, 2018"
"0,70%","November 3, 2018"
"-0,60%","November 4, 2018"
"-0,60%","November 5, 2018"
"1,00%","November 6, 2018"
"0,90%","November 7, 2018"
"1,50%","November 8, 2018"
"-1,30%","November 9, 2018"
"-1,20%","November 10, 2018"
"0,30%","November 11, 2018"
"0,10%","November 12, 2018"
"-0,40%","November 13, 2018"
"-0,30%","November 14, 2018"
"-9,50%","November 15, 2018"
"-1,80%","November 16, 2018"
"-1,30%","November 17, 2018"
"-0,20%","November 18, 2018"
"0,70%","November 19, 2018"
"-13,30%","November 20, 2018"
"-9,00%","November 21, 2018"
"3,70%","November 22, 2018"
"-6,60%","November 23, 2018"
"1,60%","November 24, 2018"
"-11,00%","November 25, 2018"
"3,70%","November 26, 2018"
"-5,60%","November 27, 2018"
"0,60%","November 28, 2018"
"11,30%","November 29, 2018"
"0,30%","November 30, 2018"
"-6,30%","December 1, 2018"
"4,50%","December 2, 2018"
"-1,60%","December 3, 2018"
"-6,00%","December 4, 2018"
"1,70%","December 5, 2018"
"-4,90%","December 6, 2018"
"-7,60%","December 7, 2018"
"-1,70%","December 8, 2018"
"0,50%","December 9, 2018"
"3,70%","December 10, 2018"
"-3,30%","December 11, 2018"
"-1,60%","December 12, 2018"
"1,80%","December 13, 2018"
"-4,20%","December 14, 2018"
"-2,40%","December 15, 2018"
"0,20%","December 16, 2018"
"-0,20%","December 17, 2018"
"9,00%","December 18, 2018"
"4,30%","December 19, 2018"
"0,90%","December 20, 2018"
"10,20%","December 21, 2018"
"-5,40%","December 22, 2018"
"3,00%","December 23, 2018"
"-0,50%","December 24, 2018"
"2,00%","December 25, 2018"
"-6,50%","December 26, 2018"
"0,60%","December 27, 2018"
"-5,10%","December 28, 2018"
"7,40%","December 29, 2018"
"-2,00%","December 30, 2018"
"0,80%","December 31, 2018"
"-3,10%","January 1, 2019"
"2,80%","January 2, 2019"
"2,10%","January 3, 2019"
"-2,50%","January 4, 2019"
"1,00%","January 5, 2019"
"-0,70%","January 6, 2019"
"6,00%","January 7, 2019"
"-0,60%","January 8, 2019"
"-0,40%","January 9, 2019"
"0,20%","January 10, 2019"
"-9,00%","January 11, 2019"
"0,20%","January 12, 2019"
"-0,90%","January 13, 2019"
"-2,90%","January 14, 2019"
"4,40%","January 15, 2019"
"-2,20%","January 16, 2019"
"0,80%","January 17, 2019"
"0,60%","January 18, 2019"
"-0,60%","January 19, 2019"
"2,10%","January 20, 2019"
"-3,70%","January 21, 2019"
"-0,20%","January 22, 2019"
"1,10%","January 23, 2019"
"-0,40%","January 24, 2019"
"0,30%","January 25, 2019"
"0,00%","January 26, 2019"
"0,00%","January 27, 2019"
"-0,30%","January 28, 2019"
"-3,40%","January 29, 2019"
"-0,50%","January 30, 2019"
"1,30%","January 31, 2019"
"-0,80%","February 1, 2019"
"0,90%","February 2, 2019"
"0,60%","February 3, 2019"
"-0,90%","February 4, 2019"
"0,30%","February 5, 2019"
"0,20%","February 6, 2019"
"-1,80%","February 7, 2019"
"-0,30%","February 8, 2019"
"8,00%","February 9, 2019"
"0,10%","February 10, 2019"
"0,20%","February 11, 2019"
"-1,20%","February 12, 2019"
"0,10%","February 13, 2019"
"-0,70%","February 14, 2019"
"-0,60%","February 15, 2019"
"0,30%","February 16, 2019"
"0,60%","February 17, 2019"
"1,20%","February 18, 2019"
"6,00%","February 19, 2019"
"0,70%","February 20, 2019"
"1,60%","February 21, 2019"
"-1,10%","February 22, 2019"
"1,00%","February 23, 2019"
"3,60%","February 24, 2019"
"-9,10%","February 25, 2019"
"2,20%","February 26, 2019"
"-0,40%","February 27, 2019"
"0,10%","February 28, 2019"
"0,10%","March 1, 2019"
"0,00%","March 2, 2019"
"0,10%","March 3, 2019"
"-0,30%","March 4, 2019"
"-2,50%","March 5, 2019"
"3,80%","March 6, 2019"
"0,20%","March 7, 2019"
"0,30%","March 8, 2019"
"-0,30%","March 9, 2019"
"2,10%","March 10, 2019"
"-0,50%","March 11, 2019"
"-1,60%","March 12, 2019"
"0,40%","March 13, 2019"
"-0,30%","March 14, 2019"
"0,30%","March 15, 2019"
"1,30%","March 16, 2019"
"2,10%","March 17, 2019"
"-0,70%","March 18, 2019"
"0,10%","March 19, 2019"
"0,70%","March 20, 2019"
"0,80%","March 21, 2019"
"-1,50%","March 22, 2019"
"0,10%","March 23, 2019"
"0,50%","March 24, 2019"
"-0,40%","March 25, 2019"
"-1,60%","March 26, 2019"
"0,30%","March 27, 2019"
"2,50%","March 28, 2019"
"-0,20%","March 29, 2019"
"1,90%","March 30, 2019"
"0,00%","March 31, 2019"
"0,00%","April 1, 2019"
"1,00%","April 2, 2019"
"17,30%","April 3, 2019"
"1,90%","April 4, 2019"
"-1,10%","April 5, 2019"
"2,40%","April 6, 2019"
"0,50%","April 7, 2019"
"2,70%","April 8, 2019"
"1,70%","April 9, 2019"
"-1,80%","April 10, 2019"
"2,60%","April 11, 2019"
"-4,90%","April 12, 2019"
"0,70%","April 13, 2019"
"-0,20%","April 14, 2019"
"1,50%","April 15, 2019"
"-2,10%","April 16, 2019"
"3,40%","April 17, 2019"
"0,10%","April 18, 2019"
"1,10%","April 19, 2019"
"0,10%","April 20, 2019"
"0,50%","April 21, 2019"
"0,10%","April 22, 2019"
"1,30%","April 23, 2019"
"3,30%","April 24, 2019"
"-1,90%","April 25, 2019"
"-4,60%","April 26, 2019"
"1,80%","April 27, 2019"
"-0,70%","April 28, 2019"
"0,00%","April 29, 2019"
"-1,10%","April 30, 2019"
"1,80%","may 1, 2019"
"1,20%","may 2, 2019"
"1,80%","may 3, 2019"
"5,20%","may 4, 2019"
"1,30%","may 5, 2019"
"-0,90%","may 6, 2019"
"-0,60%","may 7, 2019"
"2,20%","may 8, 2019"
"2,00%","may 9, 2019"
"3,50%","may 10, 2019"
"3,30%","may 11, 2019"
"13,90%","may 12, 2019"
"-4,20%","may 13, 2019"
"12,30%","may 14, 2019"
"2,40%","may 15, 2019"
"2,50%","may 16, 2019"
"-3,90%","may 17, 2019"
"-6,80%","may 18, 2019"
"-0,60%","may 19, 2019"
"11,90%","may 20, 2019"
"-2,30%","may 21, 2019"
"-0,20%","may 22, 2019"
"-3,70%","may 23, 2019"
"2,60%","may 24, 2019"
"1,50%","may 25, 2019"
"0,80%","may 26, 2019"
"7,40%","may 27, 2019"
"2,10%","may 28, 2019"
"-1,00%","may 29, 2019"
"-0,90%","may 30, 2019"
"-3,90%","may 31, 2019"
"3,20%","June 1, 2019"
"-0,20%","June 2, 2019"
"2,20%","June 3, 2019"
"-6,50%","June 4, 2019"
"-6,00%","June 5, 2019"
"1,70%","June 6, 2019"
"0,10%","June 7, 2019"
"2,70%","June 8, 2019"
"-1,20%","June 9, 2019"
"-3,50%","June 10, 2019"
"4,40%","June 11, 2019"
"-1,30%","June 12, 2019"
"3,10%","June 13, 2019"
"1,00%","June 14, 2019"
"5,40%","June 15, 2019"
"1,70%","June 16, 2019"
"1,80%","June 17, 2019"
"3,70%","June 18, 2019"
"-2,30%","June 19, 2019"
"2,10%","June 20, 2019"
"2,80%","June 21, 2019"
"6,00%","June 22, 2019"
"5,80%","June 23, 2019"
"1,30%","June 24, 2019"
"1,80%","June 25, 2019"
"6,90%","June 26, 2019"
"10,10%","June 27, 2019"
"-14,00%","June 28, 2019"
"10,50%","June 29, 2019"
"-3,10%","June 30, 2019"
"-9,10%","July 1, 2019"
"-2,30%","July 2, 2019"
"1,70%","July 3, 2019"
"10,70%","July 4, 2019"
"-6,20%","July 5, 2019"
"-2,20%","July 6, 2019"
"2,70%","July 7, 2019"
"1,40%","July 8, 2019"
"7,20%","July 9, 2019"
"2,30%","July 10, 2019"
"-3,00%","July 11, 2019"
"-6,40%","July 12, 2019"
"3,70%","July 13, 2019"
"-3,30%","July 14, 2019"
"-9,90%","July 15, 2019"
"6,10%","July 16, 2019"
"-12,60%","July 17, 2019"
"1,20%","July 18, 2019"
"10,10%","July 19, 2019"
"-0,90%","July 20, 2019"
"2,30%","July 21, 2019"
"-1,50%","July 22, 2019"
"-2,50%","July 23, 2019"
"-3,90%","July 24, 2019"
"-1,40%","July 25, 2019"
"0,80%","July 26, 2019"
"-0,30%","July 27, 2019"
"-4,00%","July 28, 2019"
"0,90%","July 29, 2019"
"-0,30%","July 30, 2019"
"0,60%","July 31, 2019"
"5,20%","August 1, 2019"
"3,00%","August 2, 2019"
"1,60%","August 3, 2019"
"2,50%","August 4, 2019"
"1,50%","August 5, 2019"
"7,90%","August 6, 2019"
"-2,60%","August 7, 2019"
"4,00%","August 8, 2019"
"0,40%","August 9, 2019"
"-1,40%","August 10, 2019"
"-4,40%","August 11, 2019"
"2,00%","August 12, 2019"
"-1,50%","August 13, 2019"
"-4,20%","August 14, 2019"
"-8,10%","August 15, 2019"
"2,80%","August 16, 2019"
"0,30%","August 17, 2019"
"-1,00%","August 18, 2019"
"0,80%","August 19, 2019"
"5,70%","August 20, 2019"
"-1,40%","August 21, 2019"
"-5,80%","August 22, 2019"
"0,00%","August 23, 2019"
"2,50%","August 24, 2019"
"-2,30%","August 25, 2019"
"-0,50%","August 26, 2019"
"2,40%","August 27, 2019"
"-1,60%","August 28, 2019"
"-4,10%","August 29, 2019"
"-2,80%","August 30, 2019"
"1,10%","August 31, 2019"
"0,20%","September 1, 2019"
"1,30%","September 2, 2019"
"6,10%","September 3, 2019"
"2,90%","September 4, 2019"
"-0,40%","September 5, 2019"
"0,00%","September 6, 2019"
"-2,10%","September 7, 2019"
"1,10%","September 8, 2019"
"-0,50%","September 9, 2019"
"-0,80%","September 10, 2019"
"-1,90%","September 11, 2019"
"0,30%","September 12, 2019"
"2,50%","September 13, 2019"
"-0,40%","September 14, 2019"
"-0,10%","September 15, 2019"
"-0,40%","September 16, 2019"
"-0,40%","September 17, 2019"
"-0,60%","September 18, 2019"
"-0,40%","September 19, 2019"
"0,90%","September 20, 2019"
"-0,70%","September 21, 2019"
"-1,80%","September 22, 2019"
"0,40%","September 23, 2019"
"-3,40%","September 24, 2019"
"-10,30%","September 25, 2019"
"-2,90%","September 26, 2019"
"-4,10%","September 27, 2019"
"1,00%","September 28, 2019"
"0,50%","September 29, 2019"
"-2,00%","September 30, 2019"
"2,60%","October 1, 2019"
"1,20%","October 2, 2019"
"-0,20%","October 3, 2019"
"-2,10%","October 4, 2019"
"-0,20%","October 5, 2019"
"-0,20%","October 6, 2019"
"-3,10%","October 7, 2019"
"3,70%","October 8, 2019"
"0,00%","October 9, 2019"
"4,80%","October 10, 2019"
"-0,10%","October 11, 2019"
"-3,30%","October 12, 2019"
"0,40%","October 13, 2019"
"-0,20%","October 14, 2019"
"0,70%","October 15, 2019"
"-2,10%","October 16, 2019"
"-2,00%","October 17, 2019"
"0,90%","October 18, 2019"
"-1,50%","October 19, 2019"
"-0,10%","October 20, 2019"
"3,30%","October 21, 2019"
"0,20%","October 22, 2019"
"-2,10%","October 23, 2019"
"-7,20%","October 24, 2019"
"-0,50%","October 25, 2019"
"16,40%","October 26, 2019"
"6,50%","October 27, 2019"
"3,10%","October 28, 2019"
"-2,80%","October 29, 2019"
"1,80%","October 30, 2019"
"-2,50%","October 31, 2019"
"-0,20%","November 1, 2019"
"0,90%","November 2, 2019"
"0,80%","November 3, 2019"
"-1,10%","November 4, 2019"
"1,90%","November 5, 2019"
"-0,80%","November 6, 2019"
"0,40%","November 7, 2019"
"-1,30%","November 8, 2019"
"-4,60%","November 9, 2019"
"0,20%","November 10, 2019"
"2,70%","November 11, 2019"
"-3,50%","November 12, 2019"
"0,90%","November 13, 2019"
"-0,40%","November 14, 2019"
"-1,40%","November 15, 2019"
"-2,00%","November 16, 2019"
"0,20%","November 17, 2019"
"0,10%","November 18, 2019"
"-3,60%","November 19, 2019"
"-0,80%","November 20, 2019"
"-0,50%","November 21, 2019"
"-5,70%","November 22, 2019"
"-4,40%","November 23, 2019"
"0,20%","November 24, 2019"
"-5,10%","November 25, 2019"
"2,60%","November 26, 2019"
"0,60%","November 27, 2019"
"4,60%","November 28, 2019"
"-0,60%","November 29, 2019"
"3,80%","November 30, 2019"
"-2,10%","December 1, 2019"
"-2,00%","December 2, 2019"
"-1,30%","December 3, 2019"
"-0,30%","December 4, 2019"
"-1,00%","December 5, 2019"
"2,30%","December 6, 2019"
"2,10%","December 7, 2019"
"-0,50%","December 8, 2019"
"0,20%","December 9, 2019"
"-2,10%","December 10, 2019"
"-1,50%","December 11, 2019"
"-0,50%","December 12, 2019"
"0,00%","December 13, 2019"
"0,60%","December 14, 2019"
"-2,30%","December 15, 2019"
"0,40%","December 16, 2019"
"-2,90%","December 17, 2019"
"-4,00%","December 18, 2019"
"9,80%","December 19, 2019"
"-1,70%","December 20, 2019"
"0,50%","December 21, 2019"
"-0,60%","December 22, 2019"
"4,90%","December 23, 2019"
"-2,00%","December 24, 2019"
"-0,90%","December 25, 2019"
"-0,90%","December 26, 2019"
"0,10%","December 27, 2019"
"0,50%","December 28, 2019"
"0,80%","December 29, 2019"
"1,20%","December 30, 2019"
"-2,10%","December 31, 2019"
"-0,60%","January 1, 2020"
"0,00%","January 2, 2020"
"-3,20%","January 3, 2020"
"4,80%","January 4, 2020"
"0,70%","January 5, 2020"
"0,00%","January 6, 2020"
"5,20%","January 7, 2020"
"5,30%","January 8, 2020"
"-1,20%","January 9, 2020"
"-2,60%","January 10, 2020"
"4,40%","January 11, 2020"
"-2,10%","January 12, 2020"
"2,00%","January 13, 2020"
"-0,70%","January 14, 2020"
"8,50%","January 15, 2020"
"0,20%","January 16, 2020"
"-1,10%","January 17, 2020"
"2,10%","January 18, 2020"
"0,00%","January 19, 2020"
"-2,40%","January 20, 2020"
"-0,70%","January 21, 2020"
"1,10%","January 22, 2020"
"-0,70%","January 23, 2020"
"-2,90%","January 24, 2020"
"0,20%","January 25, 2020"
"-1,00%","January 26, 2020"
"3,00%","January 27, 2020"
"3,30%","January 28, 2020"
"5,00%","January 29, 2020"
"-0,50%","January 30, 2020"
"2,50%","January 31, 2020"
"-2,10%","February 1, 2020"
"0,60%","February 2, 2020"
"-0,30%","February 3, 2020"
"-0,30%","February 4, 2020"
"-1,40%","February 5, 2020"
"4,50%","February 6, 2020"
"1,60%","February 7, 2020"
"0,60%","February 8, 2020"
"0,90%","February 9, 2020"
"2,60%","February 10, 2020"
"-2,50%","February 11, 2020"
"3,40%","February 12, 2020"
"1,00%","February 13, 2020"
"-1,00%","February 14, 2020"
"1,00%","February 15, 2020"
"-4,10%","February 16, 2020"
"0,50%","February 17, 2020"
"-2,20%","February 18, 2020"
"4,20%","February 19, 2020"
"-5,10%","February 20, 2020"
"-0,10%","February 21, 2020"
"0,70%","February 22, 2020"
"-0,10%","February 23, 2020"
"3,00%","February 24, 2020"
"-2,80%","February 25, 2020"
"-3,40%","February 26, 2020"
"-5,80%","February 27, 2020"
"-0,20%","February 28, 2020"
"-0,70%","February 29, 2020"
"-1,90%","March 1, 2020"
"0,20%","March 2, 2020"
"3,90%","March 3, 2020"
"-1,70%","March 4, 2020"
"0,00%","March 5, 2020"
"3,20%","March 6, 2020"
"1,10%","March 7, 2020"
"-2,60%","March 8, 2020"
"-9,70%","March 9, 2020"
"-1,50%","March 10, 2020"
"-0,20%","March 11, 2020"
"0,40%","March 12, 2020"
"-35,20%","March 13, 2020"
"7,80%","March 14, 2020"
"-5,90%","March 15, 2020"
"3,50%","March 16, 2020"
"-6,80%","March 17, 2020"
"7,10%","March 18, 2020"
"-0,20%","March 19, 2020"
"14,80%","March 20, 2020"
"0,40%","March 21, 2020"
"-0,80%","March 22, 2020"
"-4,70%","March 23, 2020"
"10,20%","March 24, 2020"
"4,20%","March 25, 2020"
"-0,50%","March 26, 2020"
"1,00%","March 27, 2020"
"-5,40%","March 28, 2020"
"-2,20%","March 29, 2020"
"-5,40%","March 30, 2020"
"8,20%","March 31, 2020"
"0,30%","April 1, 2020"
"3,40%","April 2, 2020"
"2,50%","April 3, 2020"
"-1,10%","April 4, 2020"
"1,90%","April 5, 2020"
"-1,00%","April 6, 2020"
"7,50%","April 7, 2020"
"-1,40%","April 8, 2020"
"2,00%","April 9, 2020"
"-0,70%","April 10, 2020"
"-5,90%","April 11, 2020"
"0,20%","April 12, 2020"
"0,50%","April 13, 2020"
"-0,80%","April 14, 2020"
"0,00%","April 15, 2020"
"-3,40%","April 16, 2020"
"6,50%","April 17, 2020"
"-0,30%","April 18, 2020"
"2,90%","April 19, 2020"
"-1,60%","April 20, 2020"
"-3,80%","April 21, 2020"
"-0,20%","April 22, 2020"
"3,90%","April 23, 2020"
"3,80%","April 24, 2020"
"1,50%","April 25, 2020"
"0,60%","April 26, 2020"
"1,90%","April 27, 2020"
"1,20%","April 28, 2020"
"-0,20%","April 29, 2020"
"12,70%","April 30, 2020"
"-1,50%","may 1, 2020"
"2,50%","may 2, 2020"
"1,60%","may 3, 2020"
"-0,90%","may 4, 2020"
"0,00%","may 5, 2020"
"1,30%","may 6, 2020"
"1,60%","may 7, 2020"
"8,90%","may 8, 2020"
"-1,40%","may 9, 2020"
"-2,60%","may 10, 2020"
"-8,50%","may 11, 2020"
"-1,70%","may 12, 2020"
"2,10%","may 13, 2020"
"5,60%","may 14, 2020"
"5,50%","may 15, 2020"
"-5,00%","may 16, 2020"
"0,70%","may 17, 2020"
"3,10%","may 18, 2020"
"0,40%","may 19, 2020"
"0,50%","may 20, 2020"
"-2,40%","may 21, 2020"
"-4,90%","may 22, 2020"
"0,80%","may 23, 2020"
"0,40%","may 24, 2020"
"-4,80%","may 25, 2020"
"1,70%","may 26, 2020"
"-0,50%","may 27, 2020"
"3,80%","may 28, 2020"
"4,10%","may 29, 2020"
"-1,20%","may 30, 2020"
"2,50%","may 31, 2020"
"-2,00%","June 1, 2020"
"7,40%","June 2, 2020"
"-6,40%","June 3, 2020"
"1,40%","June 4, 2020"
"1,40%","June 5, 2020"
"-1,40%","June 6, 2020"
"0,30%","June 7, 2020"
"0,80%","June 8, 2020"
"0,40%","June 9, 2020"
"-0,10%","June 10, 2020"
"1,10%","June 11, 2020"
"-5,60%","June 12, 2020"
"1,50%","June 13, 2020"
"0,00%","June 14, 2020"
"-1,30%","June 15, 2020"
"0,90%","June 16, 2020"
"1,00%","June 17, 2020"
"-0,60%","June 18, 2020"
"-0,70%","June 19, 2020"
"-0,90%","June 20, 2020"
"0,50%","June 21, 2020"
"-0,70%","June 22, 2020"
"4,10%","June 23, 2020"
"-0,60%","June 24, 2020"
"-3,50%","June 25, 2020"
"-0,30%","June 26, 2020"
"-1,00%","June 27, 2020"
"-1,70%","June 28, 2020"
"1,40%","June 29, 2020"
"0,50%","June 30, 2020"
"-0,40%","July 1, 2020"
"0,90%","July 2, 2020"
"-1,50%","July 3, 2020"
"-0,30%","July 4, 2020"
"0,70%","July 5, 2020"
"-0,50%","July 6, 2020"
"2,80%","July 7, 2020"
"-0,90%","July 8, 2020"
"1,90%","July 9, 2020"
"-2,10%","July 10, 2020"
"0,50%","July 11, 2020"
"-0,50%","July 12, 2020"
"0,70%","July 13, 2020"
"-0,60%","July 14, 2020"
"0,10%","July 15, 2020"
"-0,50%","July 16, 2020"
"-0,70%","July 17, 2020"
"0,20%","July 18, 2020"
"0,10%","July 19, 2020"
"0,40%","July 20, 2020"
"-0,40%","July 21, 2020"
"2,40%","July 22, 2020"
"1,40%","July 23, 2020"
"0,80%","July 24, 2020"
"-0,60%","July 25, 2020"
"1,60%","July 26, 2020"
"2,40%","July 27, 2020"
"10,40%","July 28, 2020"
"-0,50%","July 29, 2020"
"1,70%","July 30, 2020"
"0,20%","July 31, 2020"
"1,90%","August 1, 2020"
"4,30%","August 2, 2020"
"-6,30%","August 3, 2020"
"1,50%","August 4, 2020"
"-0,40%","August 5, 2020"
"4,80%","August 6, 2020"
"0,40%","August 7, 2020"
"-1,70%","August 8, 2020"
"1,40%","August 9, 2020"
"-0,50%","August 10, 2020"
"1,50%","August 11, 2020"
"-3,90%","August 12, 2020"
"1,60%","August 13, 2020"
"2,00%","August 14, 2020"
"-0,30%","August 15, 2020"
"0,70%","August 16, 2020"
"0,30%","August 17, 2020"
"3,10%","August 18, 2020"
"-2,60%","August 19, 2020"
"-1,80%","August 20, 2020"
"1,10%","August 21, 2020"
"-2,90%","August 22, 2020"
"1,40%","August 23, 2020"
"-0,20%","August 24, 2020"
"1,00%","August 25, 2020"
"-3,50%","August 26, 2020"
"1,00%","August 27, 2020"
"-1,40%","August 28, 2020"
"1,90%","August 29, 2020"
"-0,30%","August 30, 2020"
"1,90%","August 31, 2020"
"-0,20%","September 1, 2020"
"1,90%","September 2, 2020"
"-4,00%","September 3, 2020"
"-10,70%","September 4, 2020"
"2,80%","September 5, 2020"
"-2,90%","September 6, 2020"
"0,80%","September 7, 2020"
"1,00%","September 8, 2020"
"-2,30%","September 9, 2020"
"1,00%","September 10, 2020"
"1,10%","September 11, 2020"
"0,30%","September 12, 2020"
"0,60%","September 13, 2020"
"-1,10%","September 14, 2020"
"3,20%","September 15, 2020"
"1,20%","September 16, 2020"
"1,50%","September 17, 2020"
"-0,10%","September 18, 2020"
"-0,10%","September 19, 2020"
"1,40%","September 20, 2020"
"-1,40%","September 21, 2020"
"-4,40%","September 22, 2020"
"0,80%","September 23, 2020"
"-2,90%","September 24, 2020"
"4,90%","September 25, 2020"
"-0,40%","September 26, 2020"
"0,60%","September 27, 2020"
"0,20%","September 28, 2020"
"-0,90%","September 29, 2020"
"1,60%","September 30, 2020"
"-0,60%","October 1, 2020"
"-1,30%","October 2, 2020"
"-0,50%","October 3, 2020"
"-0,20%","October 4, 2020"
"1,20%","October 5, 2020"
"1,10%","October 6, 2020"
"-1,70%","October 7, 2020"
"0,60%","October 8, 2020"
"2,10%","October 9, 2020"
"1,60%","October 10, 2020"
"2,00%","October 11, 2020"
"0,80%","October 12, 2020"
"1,50%","October 13, 2020"
"-1,00%","October 14, 2020"
"0,10%","October 15, 2020"
"0,50%","October 16, 2020"
"-1,50%","October 17, 2020"
"0,40%","October 18, 2020"
"1,10%","October 19, 2020"
"2,20%","October 20, 2020"
"1,30%","October 21, 2020"
"7,50%","October 22, 2020"
"1,10%","October 23, 2020"
"-0,20%","October 24, 2020"
"1,40%","October 25, 2020"
"-0,60%","October 26, 2020"
"0,30%","October 27, 2020"
"4,60%","October 28, 2020"
"-2,70%","October 29, 2020"
"1,20%","October 30, 2020"
"0,70%","October 31, 2020"
"1,80%","November 1, 2020"
"-0,40%","November 2, 2020"
"-1,20%","November 3, 2020"
"3,20%","November 4, 2020"
"0,80%","November 5, 2020"
"10,30%","November 6, 2020"
"0,00%","November 7, 2020"
"-4,70%","November 8, 2020"
"4,60%","November 9, 2020"
"-1,00%","November 10, 2020"
"-0,40%","November 11, 2020"
"2,70%","November 12, 2020"
"3,70%","November 13, 2020"
"0,40%","November 14, 2020"
"-1,40%","November 15, 2020"
"-0,70%","November 16, 2020"
"4,60%","November 17, 2020"
"5,60%","November 18, 2020"
"1,00%","November 19, 2020"
"-0,10%","November 20, 2020"
"4,50%","November 21, 2020"
"0,30%","November 22, 2020"
"-1,60%","November 23, 2020"
"-0,20%","November 24, 2020"
"4,00%","November 25, 2020"
"-1,80%","November 26, 2020"
"-8,60%","November 27, 2020"
"0,00%","November 28, 2020"
"3,40%","November 29, 2020"
"2,50%","November 30, 2020"
"7,90%","December 1, 2020"
"-3,80%","December 2, 2020"
"1,90%","December 3, 2020"
"1,20%","December 4, 2020"
"-3,70%","December 5, 2020"
"2,30%","December 6, 2020"
"1,00%","December 7, 2020"
"-0,70%","December 8, 2020"
"-4,50%","December 9, 2020"
"1,20%","December 10, 2020"
"-1,60%","December 11, 2020"
"-1,10%","December 12, 2020"
"4,10%","December 13, 2020"
"1,80%","December 14, 2020"
"0,60%","December 15, 2020"
"0,90%","December 16, 2020"
"9,70%","December 17, 2020"
"7,00%","December 18, 2020"
"1,40%","December 19, 2020"
"3,20%","December 20, 2020"
"-1,40%","December 21, 2020"
"-2,90%","December 22, 2020"
"4,20%","December 23, 2020"
"-2,00%","December 24, 2020"
"1,90%","December 25, 2020"
"3,80%","December 26, 2020"
"7,30%","December 27, 2020"
"-0,20%","December 28, 2020"
"2,70%","December 29, 2020"
"1,10%","December 30, 2020"
"5,20%","December 31, 2020"
"0,60%","January 1, 2021"
"1,10%","January 2, 2021"
"9,60%","January 3, 2021"
"2,60%","January 4, 2021"
"-4,50%","January 5, 2021"
"8,10%","January 6, 2021"
"8,40%","January 7, 2021"
"7,10%","January 8, 2021"
"3,20%","January 9, 2021"
"-1,30%","January 10, 2021"
"-4,70%","January 11, 2021"
"-7,10%","January 12, 2021"
"-4,90%","January 13, 2021"
"10,40%","January 14, 2021"
"4,70%","January 15, 2021"
"-6,20%","January 16, 2021"
"-1,40%","January 17, 2021"
"-1,20%","January 18, 2021"
"2,20%","January 19, 2021"
"-1,30%","January 20, 2021"
"-1,40%","January 21, 2021"
"-13,10%","January 22, 2021"
"6,60%","January 23, 2021"
"-2,70%","January 24, 2021"
"0,60%","January 25, 2021"
"0,30%","January 26, 2021"
"0,60%","January 27, 2021"
"-6,60%","January 28, 2021"
"8,80%","January 29, 2021"
"3,10%","January 30, 2021"
"0,10%","January 31, 2021"
"-3,30%","February 1, 2021"
"1,00%","February 2, 2021"
"6,20%","February 3, 2021"
"5,70%","February 4, 2021"
"-1,80%","February 5, 2021"
"3,20%","February 6, 2021"
"3,30%","February 7, 2021"
"-1,10%","February 8, 2021"
"19,20%","February 9, 2021"
"0,60%","February 10, 2021"
"-3,70%","February 11, 2021"
"6,60%","February 12, 2021"
"-0,80%","February 13, 2021"
"-1,00%","February 14, 2021"
"3,60%","February 15, 2021"
"-1,50%","February 16, 2021"
"2,80%","February 17, 2021"
"5,90%","February 18, 2021"
"-0,80%","February 19, 2021"
"8,30%","February 20, 2021"
"0,60%","February 21, 2021"
"2,30%","February 22, 2021"
"-5,70%","February 23, 2021"
"-10,50%","February 24, 2021"
"2,40%","February 25, 2021"
"-5,70%","February 26, 2021"
"-0,90%","February 27, 2021"
"0,20%","February 28, 2021"
"-3,60%","March 1, 2021"
"10,70%","March 2, 2021"
"-2,50%","March 3, 2021"
"4,20%","March 4, 2021"
"-3,70%","March 5, 2021"
"0,70%","March 6, 2021"
"-0,10%","March 7, 2021"
"4,70%","March 8, 2021"
"2,00%","March 9, 2021"
"4,50%","March 10, 2021"
"2,40%","March 11, 2021"
"3,20%","March 12, 2021"
"-0,80%","March 13, 2021"
"6,90%","March 14, 2021"
"-3,10%","March 15, 2021"
"-6,10%","March 16, 2021"
"1,80%","March 17, 2021"
"3,80%","March 18, 2021"
"-1,90%","March 19, 2021"
"0,60%","March 20, 2021"
"0,20%","March 21, 2021"
"-1,40%","March 22, 2021"
"-5,60%","March 23, 2021"
"0,40%","March 24, 2021"
"-3,80%","March 25, 2021"
"-2,10%","March 26, 2021"
"7,00%","March 27, 2021"
"1,50%","March 28, 2021"
"-0,20%","March 29, 2021"
"3,40%","March 30, 2021"
"1,80%","March 31, 2021"
"0,30%","April 1, 2021"
"0,00%","April 2, 2021"
"0,40%","April 3, 2021"
"-3,40%","April 4, 2021"
"2,00%","April 5, 2021"
"0,80%","April 6, 2021"
"-1,10%","April 7, 2021"
"-3,30%","April 8, 2021"
"3,40%","April 9, 2021"
"0,20%","April 10, 2021"
"3,10%","April 11, 2021"
"0,00%","April 12, 2021"
"-0,10%","April 13, 2021"
"6,10%","April 14, 2021"
"-1,20%","April 15, 2021"
"0,60%","April 16, 2021"
"-2,70%","April 17, 2021"
"-2,00%","April 18, 2021"
"-6,60%","April 19, 2021"
"-1,00%","April 20, 2021"
"1,00%","April 21, 2021"
"-3,70%","April 22, 2021"
"-4,10%","April 23, 2021"
"-1,50%","April 24, 2021"
"-2,10%","April 25, 2021"
"-2,30%","April 26, 2021"
"10,20%","April 27, 2021"
"1,90%","April 28, 2021"
"-0,30%","April 29, 2021"
"-2,20%","April 30, 2021"
"7,90%","may 1, 2021"
"0,00%","may 2, 2021"
"-2,10%","may 3, 2021"
"1,10%","may 4, 2021"
"-6,50%","may 5, 2021"
"7,40%","may 6, 2021"
"-1,60%","may 7, 2021"
"1,50%","may 8, 2021"
"2,50%","may 9, 2021"
"-0,90%","may 10, 2021"
"-4,00%","may 11, 2021"
"1,80%","may 12, 2021"
"-12,20%","may 13, 2021"
"-0,10%","may 14, 2021"
"-0,10%","may 15, 2021"
"-6,30%","may 16, 2021"
"-0,40%","may 17, 2021"
"-6,00%","may 18, 2021"
"-1,60%","may 19, 2021"
"-13,50%","may 20, 2021"
"8,40%","may 21, 2021"
"-7,70%","may 22, 2021"
"0,50%","may 23, 2021"
"-6,80%","may 24, 2021"
"10,50%","may 25, 2021"
"-1,10%","may 26, 2021"
"3,10%","may 27, 2021"
"-1,90%","may 28, 2021"
"-7,60%","may 29, 2021"
"-2,60%","may 30, 2021"
"2,70%","may 31, 2021"
"4,60%","June 1, 2021"
"-1,80%","June 2, 2021"
"2,70%","June 3, 2021"
"3,90%","June 4, 2021"
"-5,70%","June 5, 2021"
"-3,80%","June 6, 2021"
"0,80%","June 7, 2021"
"-6,70%","June 8, 2021"
"0,30%","June 9, 2021"
"11,90%","June 10, 2021"
"-1,70%","June 11, 2021"
"1,00%","June 12, 2021"
"-4,40%","June 13, 2021"
"9,80%","June 14, 2021"
"3,80%","June 15, 2021"
"-0,60%","June 16, 2021"
"-5,10%","June 17, 2021"
"-0,30%","June 18, 2021"
"-6,10%","June 19, 2021"
"-0,80%","June 20, 2021"
"0,60%","June 21, 2021"
"-11,40%","June 22, 2021"
"2,50%","June 23, 2021"
"3,70%","June 24, 2021"
"2,90%","June 25, 2021"
"-7,90%","June 26, 2021"
"0,30%","June 27, 2021"
"8,10%","June 28, 2021"
"-0,10%","June 29, 2021"
"4,10%","June 30, 2021"
"-2,20%","July 1, 2021"
"-4,20%","July 2, 2021"
"0,80%","July 3, 2021"
"2,30%","July 4, 2021"
"1,90%","July 5, 2021"
"-4,10%","July 6, 2021"
"0,70%","July 7, 2021"
"-0,60%","July 8, 2021"
"-2,90%","July 9, 2021"
"3,20%","July 10, 2021"
"-0,80%","July 11, 2021"
"1,80%","July 12, 2021"
"-3,00%","July 13, 2021"
"-1,80%","July 14, 2021"
"0,60%","July 15, 2021"
"-3,50%","July 16, 2021"
"-1,00%","July 17, 2021"
"0,60%","July 18, 2021"
"1,00%","July 19, 2021"
"-3,10%","July 20, 2021"
"-3,10%","July 21, 2021"
"8,00%","July 22, 2021"
"0,10%","July 23, 2021"
"3,20%","July 24, 2021"
"2,30%","July 25, 2021"
"3,60%","July 26, 2021"
"5,10%","July 27, 2021"
"4,80%","July 28, 2021"
"2,40%","July 29, 2021"
"-0,10%","July 30, 2021"
"4,90%","July 31, 2021"
"-0,40%","August 1, 2021"
"-4,40%","August 2, 2021"
"-1,60%","August 3, 2021"
"-2,30%","August 4, 2021"
"3,60%","August 5, 2021"
"2,70%","August 6, 2021"
"4,80%","August 7, 2021"
"4,30%","August 8, 2021"
"-2,00%","August 9, 2021"
"5,80%","August 10, 2021"
"-1,40%","August 11, 2021"
"0,00%","August 12, 2021"
"-2,50%","August 13, 2021"
"7,20%","August 14, 2021"
"-1,30%","August 15, 2021"
"-0,10%","August 16, 2021"
"-2,10%","August 17, 2021"
"-3,30%","August 18, 2021"
"1,10%","August 19, 2021"
"3,80%","August 20, 2021"
"5,20%","August 21, 2021"
"-0,50%","August 22, 2021"
"0,60%","August 23, 2021"
"0,50%","August 24, 2021"
"-3,20%","August 25, 2021"
"2,20%","August 26, 2021"
"-3,60%","August 27, 2021"
"3,90%","August 28, 2021"
"-0,30%","August 29, 2021"
"-0,10%","August 30, 2021"
"-3,60%","August 31, 2021"
"0,40%","September 1, 2021"
"3,10%","September 2, 2021"
"1,10%","September 3, 2021"
"1,20%","September 4, 2021"
"0,20%","September 5, 2021"
"3,40%","September 6, 2021"
"2,00%","September 7, 2021"
"-10,90%","September 8, 2021"
"-1,90%","September 9, 2021"
"0,90%","September 10, 2021"
"-3,70%","September 11, 2021"
"0,90%","September 12, 2021"
"2,20%","September 13, 2021"
"-2,30%","September 14, 2021"
"4,40%","September 15, 2021"
"2,20%","September 16, 2021"
"-0,60%","September 17, 2021"
"-1,40%","September 18, 2021"
"2,20%","September 19, 2021"
"-1,90%","September 20, 2021"
"-9,40%","September 21, 2021"
"-5,90%","September 22, 2021"
"7,90%","September 23, 2021"
"3,20%","September 24, 2021"
"-5,00%","September 25, 2021"
"0,20%","September 26, 2021"
"1,10%","September 27, 2021"
"-2,50%","September 28, 2021"
"-2,90%","September 29, 2021"
"1,40%","September 30, 2021"
"5,50%","October 1, 2021"
"9,90%","October 2, 2021"
"-0,80%","October 3, 2021"
"1,10%","October 4, 2021"
"2,00%","October 5, 2021"
"4,90%","October 6, 2021"
"7,30%","October 7, 2021"
"-2,70%","October 8, 2021"
"0,20%","October 9, 2021"
"2,10%","October 10, 2021"
"-0,80%","October 11, 2021"
"5,20%","October 12, 2021"
"-2,10%","October 13, 2021"
"2,00%","October 14, 2021"
"-0,10%","October 15, 2021"
"7,60%","October 16, 2021"
"-1,00%","October 17, 2021"
"0,70%","October 18, 2021"
"0,70%","October 19, 2021"
"4,00%","October 20, 2021"
"2,70%","October 21, 2021"
"-5,60%","October 22, 2021"
"-2,40%","October 23, 2021"
"0,90%","October 24, 2021"
"-0,60%","October 25, 2021"
"3,40%","October 26, 2021"
"-4,20%","October 27, 2021"
"-3,20%","October 28, 2021"
"3,60%","October 29, 2021"
"2,50%","October 30, 2021"
"-0,70%","October 31, 2021"
"-0,60%","November 1, 2021"
"-0,60%","November 2, 2021"
"3,50%","November 3, 2021"
"-0,20%","November 4, 2021"
"-2,40%","November 5, 2021"
"-0,60%","November 6, 2021"
"0,70%","November 7, 2021"
"2,40%","November 8, 2021"
"7,10%","November 9, 2021"
"-0,70%","November 10, 2021"
"-3,10%","November 11, 2021"
"-0,10%","November 12, 2021"
"-0,90%","November 13, 2021"
"0,40%","November 14, 2021"
"1,50%","November 15, 2021"
"-2,60%","November 16, 2021"
"-5,50%","November 17, 2021"
"0,30%","November 18, 2021"
"-6,00%","November 19, 2021"
"2,60%","November 20, 2021"
"2,80%","November 21, 2021"
"-1,60%","November 22, 2021"
"-4,70%","November 23, 2021"
"2,40%","November 24, 2021"
"-1,00%","November 25, 2021"
"3,00%","November 26, 2021"
"-8,60%","November 27, 2021"
"1,30%","November 28, 2021"
"5,00%","November 29, 2021"
"1,10%","November 30, 2021"
"-1,40%","December 1, 2021"
"0,30%","December 2, 2021"
"-1,20%","December 3, 2021"
"-4,80%","December 4, 2021"
"-8,60%","December 5, 2021"
"0,20%","December 6, 2021"
"2,40%","December 7, 2021"
"0,40%","December 8, 2021"
"-0,20%","December 9, 2021"
"-5,20%","December 10, 2021"
"-1,20%","December 11, 2021"
"4,10%","December 12, 2021"
"1,60%","December 13, 2021"
"-6,70%","December 14, 2021"
"3,70%","December 15, 2021"
"1,10%","December 16, 2021"
"-2,50%","December 17, 2021"
"-2,90%","December 18, 2021"
"1,40%","December 19, 2021"
"-0,30%","December 20, 2021"
"0,70%","December 21, 2021"
"4,30%","December 22, 2021"
"-0,80%","December 23, 2021"
"4,40%","December 24, 2021"
"0,00%","December 25, 2021"
"-0,40%","December 26, 2021"
"0,40%","December 27, 2021"
"-0,20%","December 28, 2021"
"-6,00%","December 29, 2021"
"-2,60%","December 30, 2021"
"1,50%","December 31, 2021"
"-1,80%","January 1, 2022"
"3,20%","January 2, 2022"
"-0,90%","January 3, 2022"
"-1,80%","January 4, 2022"
"-1,30%","January 5, 2022"
"-5,00%","January 6, 2022"
"-1,00%","January 7, 2022"
"-3,90%","January 8, 2022"
"0,60%","January 9, 2022"
"0,30%","January 10, 2022"
"0,00%","January 11, 2022"
"2,20%","January 12, 2022"
"2,80%","January 13, 2022"
"-3,10%","January 14, 2022"
"1,20%","January 15, 2022"
"0,20%","January 16, 2022"
"-0,20%","January 17, 2022"
"-1,90%","January 18, 2022"
"0,20%","January 19, 2022"
"-1,50%","January 20, 2022"
"-2,50%","January 21, 2022"
"-10,30%","January 22, 2022"
"-3,60%","January 23, 2022"
"3,20%","January 24, 2022"
"1,30%","January 25, 2022"
"0,60%","January 26, 2022"
"-0,30%","January 27, 2022"
"1,10%","January 28, 2022"
"1,50%","January 29, 2022"
"1,00%","January 30, 2022"
"-0,70%","January 31, 2022"
"1,50%","February 1, 2022"
"0,70%","February 2, 2022"
"-4,70%","February 3, 2022"
"0,30%","February 4, 2022"
"12,30%","February 5, 2022"
"-0,40%","February 6, 2022"
"2,40%","February 7, 2022"
"3,40%","February 8, 2022"
"0,60%","February 9, 2022"
"0,50%","February 10, 2022"
"-1,70%","February 11, 2022"
"-2,70%","February 12, 2022"
"-0,40%","February 13, 2022"
"0,00%","February 14, 2022"
"0,90%","February 15, 2022"
"4,50%","February 16, 2022"
"-1,10%","February 17, 2022"
"-7,90%","February 18, 2022"
"-1,20%","February 19, 2022"
"0,30%","February 20, 2022"
"-4,20%","February 21, 2022"
"-3,80%","February 22, 2022"
"3,40%","February 23, 2022"
"-2,50%","February 24, 2022"
"2,70%","February 25, 2022"
"2,50%","February 26, 2022"
"-0,60%","February 27, 2022"
"-3,30%","February 28, 2022"
"14,30%","March 1, 2022"
"2,90%","March 2, 2022"
"-1,10%","March 3, 2022"
"-3,40%","March 4, 2022"
"-7,70%","March 5, 2022"
"0,70%","March 6, 2022"
"-2,60%","March 7, 2022"
"-1,00%","March 8, 2022"
"1,70%","March 9, 2022"
"8,40%","March 10, 2022"
"-6,00%","March 11, 2022"
"-1,80%","March 12, 2022"
"0,30%","March 13, 2022"
"-2,70%","March 14, 2022"
"4,80%","March 15, 2022"
"-0,90%","March 16, 2022"
"4,70%","March 17, 2022"
"-0,40%","March 18, 2022"
"2,00%","March 19, 2022"
"0,90%","March 20, 2022"
"-2,20%","March 21, 2022"
"-0,50%","March 22, 2022"
"3,30%","March 23, 2022"
"0,90%","March 24, 2022"
"2,60%","March 25, 2022"
"0,90%","March 26, 2022"
"0,40%","March 27, 2022"
"5,00%","March 28, 2022"
"0,60%","March 29, 2022"
"1,00%","March 30, 2022"
"-0,80%","March 31, 2022"
"-3,30%","April 1, 2022"
"1,60%","April 2, 2022"
"-0,90%","April 3, 2022"
"1,30%","April 4, 2022"
"0,40%","April 5, 2022"
"-2,10%","April 6, 2022"
"-5,30%","April 7, 2022"
"0,70%","April 8, 2022"
"-2,80%","April 9, 2022"
"1,10%","April 10, 2022"
"-1,20%","April 11, 2022"
"-6,30%","April 12, 2022"
"1,50%","April 13, 2022"
"2,50%","April 14, 2022"
"-3,00%","April 15, 2022"
"1,60%","April 16, 2022"
"-0,30%","April 17, 2022"
"-1,80%","April 18, 2022"
"2,80%","April 19, 2022"
"1,60%","April 20, 2022"
"-0,20%","April 21, 2022"
"-2,10%","April 22, 2022"
"-1,90%","April 23, 2022"
"-0,50%","April 24, 2022"
"-0,20%","April 25, 2022"
"2,60%","April 26, 2022"
"-5,80%","April 27, 2022"
"2,90%","April 28, 2022"
"1,30%","April 29, 2022"
"-2,70%","April 30, 2022"
"-2,10%","may 1, 2022"
"1,90%","may 2, 2022"
"0,10%","may 3, 2022"
"-2,10%","may 4, 2022"
"5,10%","may 5, 2022"
"-7,80%","may 6, 2022"
"-1,40%","may 7, 2022"
"-1,50%","may 8, 2022"
"-4,20%","may 9, 2022"
"-11,20%","may 10, 2022"
"2,50%","may 11, 2022"
"-6,80%","may 12, 2022"
"0,70%","may 13, 2022"
"0,60%","may 14, 2022"
"3,00%","may 15, 2022"
"3,70%","may 16, 2022"
"-4,50%","may 17, 2022"
"1,90%","may 18, 2022"
"-5,70%","may 19, 2022"
"5,60%","may 20, 2022"
"-3,70%","may 21, 2022"
"0,80%","may 22, 2022"
"2,90%","may 23, 2022"
"-3,90%","may 24, 2022"
"1,70%","may 25, 2022"
"-0,20%","may 26, 2022"
"-0,80%","may 27, 2022"
"-2,40%","may 28, 2022"
"1,50%","may 29, 2022"
"1,40%","may 30, 2022"
"7,60%","may 31, 2022"
"0,40%","June 1, 2022"
"-6,40%","June 2, 2022"
"2,20%","June 3, 2022"
"-2,50%","June 4, 2022"
"0,50%","June 5, 2022"
"0,20%","June 6, 2022"
"4,90%","June 7, 2022"
"-0,30%","June 8, 2022"
"-3,30%","June 9, 2022"
"-0,40%","June 10, 2022"
"-3,30%","June 11, 2022"
"-2,50%","June 12, 2022"
"-5,70%","June 13, 2022"
"-15,80%","June 14, 2022"
"-1,20%","June 15, 2022"
"1,30%","June 16, 2022"
"-9,40%","June 17, 2022"
"0,30%","June 18, 2022"
"-7,00%","June 19, 2022"
"7,70%","June 20, 2022"
"0,60%","June 21, 2022"
"0,30%","June 22, 2022"
"-3,50%","June 23, 2022"
"5,60%","June 24, 2022"
"0,80%","June 25, 2022"
"1,20%","June 26, 2022"
"-2,20%","June 27, 2022"
"-1,40%","June 28, 2022"
"-2,30%","June 29, 2022"
"-0,90%","June 30, 2022"
"-2,50%","July 1, 2022"
"-1,00%","July 2, 2022"
"-0,70%","July 3, 2022"
"0,20%","July 4, 2022"
"4,90%","July 5, 2022"
"-0,30%","July 6, 2022"
"1,90%","July 7, 2022"
"5,30%","July 8, 2022"
"0,90%","July 9, 2022"
"-1,20%","July 10, 2022"
"-3,40%","July 11, 2022"
"-4,10%","July 12, 2022"
"-3,20%","July 13, 2022"
"4,50%","July 14, 2022"
"1,70%","July 15, 2022"
"1,10%","July 16, 2022"
"1,90%","July 17, 2022"
"-1,70%","July 18, 2022"
"7,50%","July 19, 2022"
"4,30%","July 20, 2022"
"-0,20%","July 21, 2022"
"-0,70%","July 22, 2022"
"-2,00%","July 23, 2022"
"-0,80%","July 24, 2022"
"0,50%","July 25, 2022"
"-5,70%","July 26, 2022"
"-0,40%","July 27, 2022"
"7,90%","July 28, 2022"
"4,00%","July 29, 2022"
"0,10%","July 30, 2022"
"-0,80%","July 31, 2022"
"-1,20%","August 1, 2022"
"-0,20%","August 2, 2022"
"-1,20%","August 3, 2022"
"-0,80%","August 4, 2022"
"-0,80%","August 5, 2022"
"2,40%","August 6, 2022"
"-1,00%","August 7, 2022"
"0,90%","August 8, 2022"
"2,70%","August 9, 2022"
"-2,60%","August 10, 2022"
"3,20%","August 11, 2022"
"0,00%","August 12, 2022"
"1,90%","August 13, 2022"
"0,10%","August 14, 2022"
"-0,50%","August 15, 2022"
"-0,50%","August 16, 2022"
"-1,10%","August 17, 2022"
"-2,30%","August 18, 2022"
"-0,50%","August 19, 2022"
"-9,90%","August 20, 2022"
"1,10%","August 21, 2022"
"2,10%","August 22, 2022"
"-1,10%","August 23, 2022"
"0,80%","August 24, 2022"
"-0,80%","August 25, 2022"
"1,00%","August 26, 2022"
"-6,20%","August 27, 2022"
"-1,00%","August 28, 2022"
"-2,00%","August 29, 2022"
"3,30%","August 30, 2022"
"-2,50%","August 31, 2022"
"1,10%","September 1, 2022"
"0,70%","September 2, 2022"
"-1,10%","September 3, 2022"
"-0,60%","September 4, 2022"
"0,80%","September 5, 2022"
"-1,00%","September 6, 2022"
"-4,70%","September 7, 2022"
"2,20%","September 8, 2022"
"0,20%","September 9, 2022"
"10,50%","September 10, 2022"
"1,60%","September 11, 2022"
"0,10%","September 12, 2022"
"2,80%","September 13, 2022"
"-9,60%","September 14, 2022"
"0,40%","September 15, 2022"
"-2,70%","September 16, 2022"
"0,30%","September 17, 2022"
"1,90%","September 18, 2022"
"-3,40%","September 19, 2022"
"0,70%","September 20, 2022"
"-3,60%","September 21, 2022"
"-1,80%","September 22, 2022"
"5,00%","September 23, 2022"
"-0,90%","September 24, 2022"
"-1,80%","September 25, 2022"
"-0,70%","September 26, 2022"
"2,20%","September 27, 2022"
"-0,50%","September 28, 2022"
"1,70%","September 29, 2022"
"0,60%","September 30, 2022"
"-0,40%","October 1, 2022"
"-0,80%","October 2, 2022"
"-1,30%","October 3, 2022"
"2,90%","October 4, 2022"
"3,70%","October 5, 2022"
"-0,90%","October 6, 2022"
"-1,10%","October 7, 2022"
"-2,50%","October 8, 2022"
"-0,20%","October 9, 2022"
"0,20%","October 10, 2022"
"-1,60%","October 11, 2022"
"-0,40%","October 12, 2022"
"0,50%","October 13, 2022"
"1,20%","October 14, 2022"
"-1,00%","October 15, 2022"
"-0,70%","October 16, 2022"
"1,00%","October 17, 2022"
"1,50%","October 18, 2022"
"-1,10%","October 19, 2022"
"-1,10%","October 20, 2022"
"-0,50%","October 21, 2022"
"0,70%","October 22, 2022"
"0,20%","October 23, 2022"
"1,90%","October 24, 2022"
"-1,30%","October 25, 2022"
"4,00%","October 26, 2022"
"3,40%","October 27, 2022"
"-2,40%","October 28, 2022"
"1,50%","October 29, 2022"
"1,00%","October 30, 2022"
"-0,90%","October 31, 2022"
"-0,60%","November 1, 2022"
"0,00%","November 2, 2022"
"-1,60%","November 3, 2022"
"0,20%","November 4, 2022"
"4,60%","November 5, 2022"
"0,60%","November 6, 2022"
"-1,80%","November 7, 2022"
"-1,50%","November 8, 2022"
"-9,90%","November 9, 2022"
"-15,20%","November 10, 2022"
"11,80%","November 11, 2022"
"-2,90%","November 12, 2022"
"-1,70%","November 13, 2022"
"-2,70%","November 14, 2022"
"1,80%","November 15, 2022"
"1,50%","November 16, 2022"
"-1,20%","November 17, 2022"
"0,20%","November 18, 2022"
"-0,10%","November 19, 2022"
"0,00%","November 20, 2022"
"-2,40%","November 21, 2022"
"-3,00%","November 22, 2022"
"2,30%","November 23, 2022"
"2,70%","November 24, 2022"
"-0,10%","November 25, 2022"
"-0,40%","November 26, 2022"
"-0,40%","November 27, 2022"
"0,00%","November 28, 2022"
"-1,40%","November 29, 2022"
"1,40%","November 30, 2022"
"4,50%","December 1, 2022"
"-1,20%","December 2, 2022"
"0,70%","December 3, 2022"
"-0,90%","December 4, 2022"
"1,30%","December 5, 2022"
"-1,00%","December 6, 2022"
"0,70%","December 7, 2022"
"-1,40%","December 8, 2022"
"2,30%","December 9, 2022"
"-0,50%","December 10, 2022"
"-0,10%","December 11, 2022"
"-0,10%","December 12, 2022"
"0,50%","December 13, 2022"
"3,50%","December 14, 2022"
"0,10%","December 15, 2022"
"-2,60%","December 16, 2022"
"-4,10%","December 17, 2022"
"1,10%","December 18, 2022"
"-0,40%","December 19, 2022"
"-1,90%","December 20, 2022"
"2,90%","December 21, 2022"
"-0,50%","December 22, 2022"
"0,00%","December 23, 2022"
"-0,20%","December 24, 2022"
"0,30%","December 25, 2022"
"0,00%","December 26, 2022"
"0,30%","December 27, 2022"
"-1,20%","December 28, 2022"
"-1,00%","December 29, 2022"
"0,60%","December 30, 2022"
"-0,20%","December 31, 2022"
"-0,40%","January 1, 2023"
"0,50%","January 2, 2023"
"0,40%","January 3, 2023"
"0,00%","January 4, 2023"
"1,10%","January 5, 2023"
"-0,10%","January 6, 2023"
"0,80%","January 7, 2023"
"-0,10%","January 8, 2023"
"0,70%","January 9, 2023"
"0,70%","January 10, 2023"
"1,40%","January 11, 2023"
"3,20%","January 12, 2023"
"4,80%","January 13, 2023"
"5,70%","January 14, 2023"
"5,40%","January 15, 2023"
"-0,80%","January 16, 2023"
"1,50%","January 17, 2023"
"-0,10%","January 18, 2023"
"-2,00%","January 19, 2023"
"1,70%","January 20, 2023"
"7,70%","January 21, 2023"
"0,30%","January 22, 2023"
"-0,20%","January 23, 2023"
"1,10%","January 24, 2023"
"-1,60%","January 25, 2023"
"2,50%","January 26, 2023"
"-0,70%","January 27, 2023"
"0,30%","January 28, 2023"
"-0,30%","January 29, 2023"
"3,40%","January 30, 2023"
"-4,00%","January 31, 2023"
"1,30%","February 1, 2023"
"2,50%","February 2, 2023"
"-0,80%","February 3, 2023"
"-0,40%","February 4, 2023"
"-0,50%","February 5, 2023"
"-1,70%","February 6, 2023"
"-0,70%","February 7, 2023"
"2,20%","February 8, 2023"
"-1,50%","February 9, 2023"
"-4,90%","February 10, 2023"
"-0,90%","February 11, 2023"
"1,20%","February 12, 2023"
"-0,50%","February 13, 2023"
"0,10%","February 14, 2023"
"1,90%","February 15, 2023"
"9,40%","February 16, 2023"
"-2,30%","February 17, 2023"
"3,70%","February 18, 2023"
"0,10%","February 19, 2023"
"-1,50%","February 20, 2023"
"2,10%","February 21, 2023"
"-1,50%","February 22, 2023"
"-1,10%","February 23, 2023"
"-0,80%","February 24, 2023"
"-3,30%","February 25, 2023"
"-0,10%","February 26, 2023"
"1,70%","February 27, 2023"
"-0,10%","February 28, 2023"
"-1,50%","March 1, 2023"
"2,10%","March 2, 2023"
"-0,70%","March 3, 2023"
"-4,70%","March 4, 2023"
"-0,10%","March 5, 2023"
"0,30%","March 6, 2023"
"0,00%","March 7, 2023"
"-0,90%","March 8, 2023"
"-2,30%","March 9, 2023"
"-6,20%","March 10, 2023"
"-0,90%","March 11, 2023"
"1,60%","March 12, 2023"
"7,70%","March 13, 2023"
"9,40%","March 14, 2023"
"2,40%","March 15, 2023"
"-1,20%","March 16, 2023"
"2,80%","March 17, 2023"
"9,20%","March 18, 2023"
"-1,30%","March 19, 2023"
"4,00%","March 20, 2023"
"-0,90%","March 21, 2023"
"1,20%","March 22, 2023"
"-2,90%","March 23, 2023"
"3,70%","March 24, 2023"
"-3,00%","March 25, 2023"
"0,30%","March 26, 2023"
"1,40%","March 27, 2023"
"-3,10%","March 28, 2023"
"0,40%","March 29, 2023"
"4,00%","March 30, 2023"
"-1,20%","March 31, 2023"
"1,70%","April 1, 2023"
"-0,10%","April 2, 2023"
"-0,90%","April 3, 2023"
"-1,50%","April 4, 2023"
"1,30%","April 5, 2023"
"0,10%","April 6, 2023"
"-0,50%","April 7, 2023"
"-0,40%","April 8, 2023"
"0,10%","April 9, 2023"
"1,40%","April 10, 2023"
"4,60%","April 11, 2023"
"2,00%","April 12, 2023"
"-1,20%","April 13, 2023"
"1,70%","April 14, 2023"
"0,20%","April 15, 2023"
"-0,50%","April 16, 2023"
"0,00%","April 17, 2023"
"-2,80%","April 18, 2023"
"3,00%","April 19, 2023"
"-5,00%","April 20, 2023"
"-2,00%","April 21, 2023"
"-3,40%","April 22, 2023"
"2,10%","April 23, 2023"
"-0,90%","April 24, 2023"
"-0,30%","April 25, 2023"
"3,10%","April 26, 2023"
"0,00%","April 27, 2023"
"4,00%","April 28, 2023"
"-0,50%","April 29, 2023"
"-0,40%","April 30, 2023"
"0,50%","may 1, 2023"
"-4,20%","may 2, 2023"
"1,90%","may 3, 2023"
"1,20%","may 4, 2023"
"-0,50%","may 5, 2023"
"2,30%","may 6, 2023"
"-2,10%","may 7, 2023"
"-1,00%","may 8, 2023"
"-3,20%","may 9, 2023"
"-0,30%","may 10, 2023"
"0,10%","may 11, 2023"
"-2,20%","may 12, 2023"
"-0,90%","may 13, 2023"
"0,00%","may 14, 2023"
"0,40%","may 15, 2023"
"1,20%","may 16, 2023"
"-0,80%","may 17, 2023"
"1,40%","may 18, 2023"
"-2,00%","may 19, 2023"
"0,20%","may 20, 2023"
"0,80%","may 21, 2023"
"-1,20%","may 22, 2023"
"0,40%","may 23, 2023"
"1,30%","may 24, 2023"
"-3,20%","may 25, 2023"
"0,50%","may 26, 2023"
"0,90%","may 27, 2023"
"0,50%","may 28, 2023"
"4,70%","may 29, 2023"
"-1,20%","may 30, 2023"
"-0,20%","may 31, 2023"
"-1,70%","June 1, 2023"
"-1,50%","June 2, 2023"
"1,60%","June 3, 2023"
"-0,70%","June 4, 2023"
"0,90%","June 5, 2023"
"-5,60%","June 6, 2023"
"5,50%","June 7, 2023"
"-3,20%","June 8, 2023"
"0,60%","June 9, 2023"
"-0,10%","June 10, 2023"
"-2,30%","June 11, 2023"
"0,20%","June 12, 2023"
"0,00%","June 13, 2023"
"-0,10%","June 14, 2023"
"-3,00%","June 15, 2023"
"1,80%","June 16, 2023"
"3,00%","June 17, 2023"
"0,70%","June 18, 2023"
"-0,60%","June 19, 2023"
"1,70%","June 20, 2023"
"5,80%","June 21, 2023"
"6,30%","June 22, 2023"
"-0,60%","June 23, 2023"
"2,30%","June 24, 2023"
"-0,30%","June 25, 2023"
"-0,30%","June 26, 2023"
"-0,60%","June 27, 2023"
"1,30%","June 28, 2023"
"-2,00%","June 29, 2023"
"1,30%","June 30, 2023"
"0,00%","July 1, 2023"
"0,30%","July 2, 2023"
"0,00%","July 3, 2023"
"1,80%","July 4, 2023"
"-1,20%","July 5, 2023"
"-0,90%","July 6, 2023"
"-1,60%","July 7, 2023"
"1,10%","July 8, 2023"
"-0,20%","July 9, 2023"
"-0,30%","July 10, 2023"
"0,70%","July 11, 2023"
"0,70%","July 12, 2023"
"-0,70%","July 13, 2023"
"3,40%","July 14, 2023"
"-3,60%","July 15, 2023"
"0,00%","July 16, 2023"
"-0,20%","July 17, 2023"
"-0,30%","July 18, 2023"
"-1,00%","July 19, 2023"
"0,20%","July 20, 2023"
"-0,40%","July 21, 2023"
"0,40%","July 22, 2023"
"-0,70%","July 23, 2023"
"1,20%","July 24, 2023"
"-2,90%","July 25, 2023"
"0,10%","July 26, 2023"
"0,50%","July 27, 2023"
"-0,60%","July 28, 2023"
"0,40%","July 29, 2023"
"0,10%","July 30, 2023"
"-0,30%","July 31, 2023"
"-0,20%","August 1, 2023"
"1,00%","August 2, 2023"
"-1,30%","August 3, 2023"
"0,10%","August 4, 2023"
"-0,30%","August 5, 2023"
"-0,10%","August 6, 2023"
"0,00%","August 7, 2023"
"0,50%","August 8, 2023"
"2,10%","August 9, 2023"
"-0,70%","August 10, 2023"
"-0,50%","August 11, 2023"
"-0,10%","August 12, 2023"
"0,10%","August 13, 2023"
"-0,40%","August 14, 2023"
"0,40%","August 15, 2023"
"-0,80%","August 16, 2023"
"-1,40%","August 17, 2023"
"-7,80%","August 18, 2023"
"-1,70%","August 19, 2023"
"0,20%","August 20, 2023"
"0,20%","August 21, 2023"
"-0,20%","August 22, 2023"
"-0,30%","August 23, 2023"
"1,60%","August 24, 2023"
"-1,20%","August 25, 2023"
"-0,30%","August 26, 2023"
"-0,20%","August 27, 2023"
"0,30%","August 28, 2023"
"0,10%","August 29, 2023"
"6,20%","August 30, 2023"
"-1,60%","August 31, 2023"
"-5,00%","September 1, 2023"
"-0,40%","September 2, 2023"
"0,20%","September 3, 2023"
"0,40%","September 4, 2023"
"-0,50%","September 5, 2023"
"-0,20%","September 6, 2023"
"-0,10%","September 7, 2023"
"1,70%","September 8, 2023"
"-1,10%","September 9, 2023"
"-0,10%","September 10, 2023"
"-0,20%","September 11, 2023"
"-2,70%","September 12, 2023"
"2,90%","September 13, 2023"
"1,40%","September 14, 2023"
"1,20%","September 15, 2023"
"0,40%","September 16, 2023"
"-0,30%","September 17, 2023"
"-0,10%","September 18, 2023"
"0,80%","September 19, 2023"
"1,80%","September 20, 2023"
"-0,40%","September 21, 2023"
"-2,00%","September 22, 2023"
"0,00%","September 23, 2023"
"0,00%","September 24, 2023"
"-1,20%","September 25, 2023"
"0,20%","September 26, 2023"
"-0,40%","September 27, 2023"
"0,60%","September 28, 2023"
"2,50%","September 29, 2023"
"-0,30%","September 30, 2023"
"0,20%","October 1, 2023"
"3,70%","October 2, 2023"
"-1,30%","October 3, 2023"
"-0,60%","October 4, 2023"
"1,30%","October 5, 2023"
"-1,30%","October 6, 2023"
"1,90%","October 7, 2023"
"0,10%","October 8, 2023"
"-0,10%","October 9, 2023"
"-1,30%","October 10, 2023"
"-0,70%","October 11, 2023"
"-2,00%","October 12, 2023"
"-0,40%","October 13, 2023"
"0,40%","October 14, 2023"
"0,10%","October 15, 2023"
"1,10%","October 16, 2023"
"5,00%","October 17, 2023"
"-0,30%","October 18, 2023"
"-0,30%","October 19, 2023"
"1,40%","October 20, 2023"
"3,30%","October 21, 2023"
"0,80%","October 22, 2023"
"0,30%","October 23, 2023"
"9,80%","October 24, 2023"
"2,70%","October 25, 2023"
"1,80%","October 26, 2023"
"-0,90%","October 27, 2023"
"-0,80%","October 28, 2023"
"0,60%","October 29, 2023"
"1,40%","October 30, 2023"
"-0,20%","October 31, 2023"
"0,50%","November 1, 2023"
"2,30%","November 2, 2023"
"-1,50%","November 3, 2023"
"-0,60%","November 4, 2023"
"0,90%","November 5, 2023"
"0,00%","November 6, 2023"
"-0,10%","November 7, 2023"
"1,20%","November 8, 2023"
"1,00%","November 9, 2023"
"2,70%","November 10, 2023"
"1,60%","November 11, 2023"
"-0,60%","November 12, 2023"
"-0,10%","November 13, 2023"
"-1,40%","November 14, 2023"
"-2,70%","November 15, 2023"
"6,60%","November 16, 2023"
"-4,50%","November 17, 2023"
"0,90%","November 18, 2023"
"0,10%","November 19, 2023"
"2,30%","November 20, 2023"
"0,20%","November 21, 2023"
"-4,10%","November 22, 2023"
"4,20%","November 23, 2023"
"-0,50%","November 24, 2023"
"1,20%","November 25, 2023"
"0,20%","November 26, 2023"
"-0,80%","November 27, 2023"
"-0,60%","November 28, 2023"
"1,50%","November 29, 2023"
"0,00%","November 30, 2023"
"-0,30%","December 1, 2023"
"2,60%","December 2, 2023"
"2,10%","December 3, 2023"
"1,20%","December 4, 2023"
"5,00%","December 5, 2023"
"5,10%","December 6, 2023"
"-0,70%","December 7, 2023"
"-1,20%","December 8, 2023"
"2,20%","December 9, 2023"
"-1,00%","December 10, 2023"
"0,00%","December 11, 2023"
"-5,80%","December 12, 2023"
"0,60%","December 13, 2023"
"3,60%","December 14, 2023"
"0,20%","December 15, 2023"
"-2,40%","December 16, 2023"
"0,60%","December 17, 2023"
"-2,00%","December 18, 2023"
"3,10%","December 19, 2023"
"-1,00%","December 20, 2023"
"3,30%","December 21, 2023"
"0,50%","December 22, 2023"
"0,40%","December 23, 2023"
"-0,60%","December 24, 2023"
"-1,60%","December 25, 2023"
"1,40%","December 26, 2023"
"-2,60%","December 27, 2023"
"2,10%","December 28, 2023"
"-1,90%","December 29, 2023"
"-1,20%","December 30, 2023"
"0,30%","December 31, 2023"
"0,00%","January 1, 2024"
"4,60%","January 2, 2024"
"1,90%","January 3, 2024"
"-4,80%","January 4, 2024"
"3,20%","January 5, 2024"
"-0,20%","January 6, 2024"
"-0,40%","January 7, 2024"
"-0,20%","January 8, 2024"
"7,00%","January 9, 2024"
"-1,80%","January 10, 2024"
"1,10%","January 11, 2024"
"-0,70%","January 12, 2024"
"-7,40%","January 13, 2024"
"-0,10%","January 14, 2024"
"-2,40%","January 15, 2024"
"1,90%","January 16, 2024"
"1,30%","January 17, 2024"
"-1,00%","January 18, 2024"
"-3,40%","January 19, 2024"
"0,80%","January 20, 2024"
"0,10%","January 21, 2024"
"-0,20%","January 22, 2024"
"-4,90%","January 23, 2024"
"0,80%","January 24, 2024"
"0,70%","January 25, 2024"
"-0,50%","January 26, 2024"
"4,80%","January 27, 2024"
"0,60%","January 28, 2024"
"-0,20%","January 29, 2024"
"3,00%","January 30, 2024"
"-0,90%","January 31, 2024"
"-0,70%","February 1, 2024"
"1,10%","February 2, 2024"
"0,20%","February 3, 2024"
"-0,40%","February 4, 2024"
"-0,90%","February 5, 2024"
"0,10%","February 6, 2024"
"1,00%","February 7, 2024"
"2,70%","February 8, 2024"
"2,50%","February 9, 2024"
"4,00%","February 10, 2024"
"1,30%","February 11, 2024"
"0,90%","February 12, 2024"
"3,90%","February 13, 2024"
"-0,60%","February 14, 2024"
"4,10%","February 15, 2024"
"0,30%","February 16, 2024"
"0,40%","February 17, 2024"
"-0,90%","February 18, 2024"
"0,90%","February 19, 2024"
"-0,70%","February 20, 2024"
"1,00%","February 21, 2024"
"-0,80%","February 22, 2024"
"-1,00%","February 23, 2024"
"-0,90%","February 24, 2024"
"1,40%","February 25, 2024"
"0,40%","February 26, 2024"
"5,30%","February 27, 2024"
"4,60%","February 28, 2024"
"9,70%","February 29, 2024"
"-2,00%","March 1, 2024"
"1,80%","March 2, 2024"
"-0,60%","March 3, 2024"
"1,60%","March 4, 2024"
"8,10%","March 5, 2024"
"-5,70%","March 6, 2024"
"2,90%","March 7, 2024"
"1,20%","March 8, 2024"
"2,00%","March 9, 2024"
"0,30%","March 10, 2024"
"0,80%","March 11, 2024"
"4,40%","March 12, 2024"
"-0,90%","March 13, 2024"
"2,30%","March 14, 2024"
"-2,30%","March 15, 2024"
"-2,70%","March 16, 2024"
"-6,10%","March 17, 2024"
"4,80%","March 18, 2024"
"-1,00%","March 19, 2024"
"-8,20%","March 20, 2024"
"9,20%","March 21, 2024"
"-3,40%","March 22, 2024"
"-3,10%","March 23, 2024"
"1,20%","March 24, 2024"
"4,70%","March 25, 2024"
"3,90%","March 26, 2024"
"0,20%","March 27, 2024"
"-0,90%","March 28, 2024"
"1,80%","March 29, 2024"
"-1,10%","March 30, 2024"
"-0,30%","March 31, 2024"
"2,20%","April 1, 2024"
"-2,10%","April 2, 2024"
"-6,20%","April 3, 2024"
"1,00%","April 4, 2024"
"3,70%","April 5, 2024"
"-0,80%","April 6, 2024"
"1,50%","April 7, 2024"
"0,60%","April 8, 2024"
"3,20%","April 9, 2024"
"-3,40%","April 10, 2024"
"2,00%","April 11, 2024"
"-0,60%","April 12, 2024"
"-4,10%","April 13, 2024"
"-4,20%","April 14, 2024"
"2,10%","April 15, 2024"
"-3,50%","April 16, 2024"
"0,50%","April 17, 2024"
"-3,80%","April 18, 2024"
"3,50%","April 19, 2024"
"0,80%","April 20, 2024"
"1,40%","April 21, 2024"
"0,10%","April 22, 2024"
"2,90%","April 23, 2024"
"-0,70%","April 24, 2024"
"-3,20%","April 25, 2024"
"0,30%","April 26, 2024"
"-1,10%","April 27, 2024"
"-0,40%","April 28, 2024"
"-0,80%","April 29, 2024"
"1,20%","April 30, 2024"
"-4,80%","may 1, 2024"
"-4,00%","may 2, 2024"
"1,40%","may 3, 2024"
"6,30%","may 4, 2024"
"1,60%","may 5, 2024"
"0,30%","may 6, 2024"
"-1,30%","may 7, 2024"
"-1,30%","may 8, 2024"
"-1,80%","may 9, 2024"
"3,20%","may 10, 2024"
"-3,60%","may 11, 2024"
"-0,20%","may 12, 2024"
"1,20%","may 13, 2024"
"2,20%","may 14, 2024"
"-2,10%","may 15, 2024"
"7,60%","may 16, 2024"
"-1,40%","may 17, 2024"
"2,70%","may 18, 2024"
"-0,20%","may 19, 2024"
"-1,00%","may 20, 2024"
"7,80%","may 21, 2024"
"-1,70%","may 22, 2024"
"-1,40%","may 23, 2024"
"-1,80%","may 24, 2024"
"0,90%","may 25, 2024"
"1,10%","may 26, 2024"
"-1,10%","may 27, 2024"
"1,30%","may 28, 2024"
"-1,50%","may 29, 2024"
"-1,10%","may 30, 2024"
"1,20%","may 31, 2024"
"-1,30%","June 1, 2024"
"0,30%","June 2, 2024"
"0,10%","June 3, 2024"
"1,60%","June 4, 2024"
"2,60%","June 5, 2024"
"0,80%","June 6, 2024"
"-0,60%","June 7, 2024"
"-2,00%","June 8, 2024"
"0,00%","June 9, 2024"
"0,50%","June 10, 2024"
"-0,20%","June 11, 2024"
"-3,10%","June 12, 2024"
"1,30%","June 13, 2024"
"-2,20%","June 14, 2024"
"-1,00%","June 15, 2024"
"0,30%","June 16, 2024"
"0,60%","June 17, 2024"
"-0,20%","June 18, 2024"
"-2,00%","June 19, 2024"
"-0,30%","June 20, 2024"
"-0,10%","June 21, 2024"
"-1,20%","June 22, 2024"
"0,30%","June 23, 2024"
"-1,60%","June 24, 2024"
"-4,50%","June 25, 2024"
"2,30%","June 26, 2024"
"-1,70%","June 27, 2024"
"1,30%","June 28, 2024"
"-2,00%","June 29, 2024"
"0,90%","June 30, 2024"
